"","Company.Names","Cars.Names","Engines","CC.Battery.Capacity","HorsePower","Total.Speed","Performance.0...100..KM.H","Cars.Prices","Fuel.Types","Seats","Torque","BodyType","MPG","FuelTank"
"1","FERRARI","SF90 STRADALE","V8","3990 cc","963 hp","340 km/h","2.5 sec","$1,100,000 ","PIH","2","800 Nm","Coupe","16","22"
"2","ROLLS ROYCE","PHANTOM","V12","6749 cc","563 hp","250 km/h","5.3 sec","$460,000 ","Petrol","5","900 Nm","Sedan","12","21"
"3","Ford","KA+","1.2L Petrol","1,200 cc","70-85 hp","165 km/h","10.5 sec","$12,000 ","Petrol","5","100 - 140 Nm","Hatchback","43","11.6"
"4","MERCEDES"," GT 63 S","V8","3,982 cc","630 hp","250 km/h","3.2 sec","$161,000 ","Petrol","4","900 Nm","Coupe","18","21.1"
"5","AUDI","AUDI R8 Gt","V10","5,204 cc","602 hp","320 km/h","3.6 sec","$253,290 ","Petrol","2","560 Nm","Coupe","15","21.1"
"6","BMW","Mclaren 720s","V8","3,994 cc","710 hp","341 km/h","2.9 sec","$499,000 ","Petrol","2","770 Nm","Coupe","15","19.8"
"7","ASTON MARTIN","VANTAGE F1","V8","3,982 cc","656 hp","314 km/h","3.6 sec","$193,440 ","Petrol","2","685 Nm","Van","15","19.5"
"8","BENTLEY","Continental GT Azure","V8","3,996 cc","550 hp","318 km/h","4.0 sec","$311,000 ","Petrol","4","900 Nm","Coupe","14","22.5"
"9","LAMBORGHINI","VENENO ROADSTER","V12","6,498 cc","750 hp","356 km/h","2.9 sec","$4,500,000 ","Petrol","2","690 Nm","Convertible","9","22.0"
"10","FERRARI","F8 TRIBUTO","V8","3,900 cc","710 hp","340 km/h","2.9 sec","$280,000 ","Petrol","2","770 Nm","Sedan","14","22.0"
"11","FERRARI","812 GTS","V12","6496 cc","789 hp","340 km/h","2.9 sec","$350,000 ","Petrol","2","718 Nm","Coupe","12","22.0"
"12","FERRARI","PORTOFINO","V8","3,900 cc","592 hp","320 km/h","3.2 sec","$210,000 ","Petrol","4","760 Nm","Sedan","15","20.0"
"13","FERRARI","ROMA","V8","3,900 cc","612 hp","320 km/h","3.4 sec","$230,000 ","Petrol","4","760 Nm","Coupe","16","20.0"
"14","FERRARI","MONZA SP2","V12","6,496 cc","789 hp","340 km/h","2.9 sec","$1,700,000 ","Petrol","2","719 Nm","Coupe","12","22.0"
"15","FERRARI","F8 SPIDER","V8","3,900 cc","710 hp","340 km/h","2.9 sec","$280,000 ","Petrol","2","770 Nm","Convertible","14","20.0"
"16","FERRARI","PORTOFINO M","V8","3,900 cc","612 hp","320 km/h","3.2 sec","$220,000 ","Petrol","4","760 Nm","Sedan","15","20.0"
"17","FERRARI","ROMA SPIDER","V8","3,900 cc","612 hp","320 km/h","3.4 sec","$240,000 ","Petrol","4","760 Nm","Convertible","16","20.0"
"18","TOYOTA","GR SUPRA","I4","2,998 cc","382 hp","250 km/h","4.1 sec","$53,900 ","Petrol","2","500 Nm","Coupe","25","15.9"
"19","TOYOTA","TOYOTA 86","BOXER-4","1,998 cc","205 hp","226 km/h","6.4 sec","$27,000 ","Petrol","4","205 Nm","Sedan","28","13.2"
"20","TOYOTA","TOYOTA  GR86","BOXER-4","2,387 cc","228 hp","226 km/h","5.6 sec","$30,000 ","Petrol","4","250 Nm","Coupe","28","13.2"
"21","TOYOTA","TOYOTA LAND CRUISER","V8","5,663 cc","381 hp","220 km/h","6.7 sec","$85,000 ","Diesel","7","500 Nm","SUV","17","24.6"
"22","TOYOTA","TOYOTA SEQUOIA","V8","5,663 cc","381 hp","200 km/h","6.9 sec","$50,000 ","Petrol","7","651 Nm","Sedan","16","26.4"
"23","NISSAN","GT-R","V6","3,799 cc","600 hp","315 km/h","2.9 sec","$113,000 ","Petrol","4","637 Nm","Coupe","18","20.0"
"24","NISSAN","370Z","V6","3,696 cc","332 hp","250 km/h","4.7 sec","$30,000 ","Petrol","2","366 Nm","Coupe","23","19.5"
"25","NISSAN","Z PROTO","V6","2,998 cc","400 hp","290 km/h","4.1 sec","$40,000 ","Petrol","2","475 Nm","Sedan","23","16.0"
"26","NISSAN","ALTIMA","I4","2,488 cc","188 hp","225 km/h","7.3 sec","$25,000 ","Petrol","5","380 Nm","Sedan","30","16.2"
"27","NISSAN","MAXIMA","V6","3,498 cc","300 hp","240 km/h","5.8 sec","$35,000 ","Petrol","5","354 Nm","Sedan","26","18.5"
"28","NISSAN","SENTRA","I4","1,998 cc","149 hp","200 km/h","8.2 sec","$20,000 ","Petrol","5","240 Nm","Sedan","34","13.2"
"29","NISSAN","ROGUE","I4","2,488 cc","201 hp","200 km/h","7.5 sec","$28,000 ","Petrol","5","270 Nm","SUV","30","14.5"
"30","NISSAN","PATHFINDER","V6","3,498 cc","284 hp","225 km/h","6.5 sec","$35,000 ","Petrol","7","351 Nm","SUV","25","19.5"
"31","NISSAN","FRONTIER","V6","3,799 cc","310 hp","180 km/h","6.8 sec","$30,000 ","Petrol","5","381 Nm","Truck","22","21.0"
"32","NISSAN","TITAN","V8","5,598 cc","400 hp","200 km/h","5.9 sec","$40,000 ","Petrol","5","560 Nm","Truck","18","26.0"
"33","ASTON MARTIN","VALKYRIE","V12","6,496 cc","1160 hp","402 km/h","2.5 sec","$3,200,000 ","Hybrid","2","900 Nm","Coupe","8","23.0"
"34","ASTON MARTIN","VALHALLA","V8","3,996 cc","1000 hp","362 km/h","2.5 sec","$1,100,000 ","Hybrid","2","1000 Nm","Coupe","18","17.0"
"35","ASTON MARTIN","DBS SUPERLEGGERA","V12","5,204 cc","715 hp","340 km/h","3.4 sec","$316,000 ","Petrol","2","900 Nm","Coupe","14","21.0"
"36","ASTON MARTIN","DB11","V12","5,204 cc","600 hp","322 km/h","3.9 sec","$208,000 ","Petrol","4","700 Nm","Coupe","18","20.3"
"37","ASTON MARTIN","VANTAGE ","V8","3,996 cc","503 hp","313 km/h","3.6 sec","$142,000 ","Petrol","2","685 Nm","Coupe","18","19.0"
"38","ASTON MARTIN","DBX","V8","3,996 cc","542 hp","291 km/h","4.5 sec","$189,000 ","Petrol","5","700 Nm","Coupe","18","22.5"
"39","ASTON MARTIN","RAPIDE AMR","V12","5,935 cc","580 hp","328 km/h","4.2 sec","$240,000 ","Petrol","4","630 Nm","Coupe","16","20.3"
"40","ASTON MARTIN","VANQUISH","V12","5,935 cc","580 hp","324 km/h","3.6 sec","$294,000 ","Petrol","2","630 Nm","Coupe","14","21.0"
"41","ASTON MARTIN","LAGONDA TARAF","V12","5,935 cc","540 hp","314 km/h","4.2 sec","$1,100,000 ","Petrol","4","630 Nm","Coupe","12","24.0"
"42","ASTON MARTIN","VICTOR","V12","5,204 cc","836 hp","320 km/h","2.8 sec","$1,300,000 ","Petrol","2","821 Nm","Coupe","12","20.0"
"43","LAMBORGHINI","SIAN","V12","6,498 cc","819 hp","350 km/h","2.8 sec","$2,800,000 ","Hybrid","2","720 Nm","Coupe","11","20.0"
"44","LAMBORGHINI","AVENTADOR SVJ","V12","6,498 cc","759 hp","350 km/h","2.8 sec","$518,000 ","Petrol","2","720 Nm","Coupe","9","22.0"
"45","LAMBORGHINI","HURACAN PERFORMANTE","V10","5,204 cc","640 hp","325 km/h","2.9 sec","$274,000 ","Petrol","2","600 Nm","Coupe","13","20.0"
"46","LAMBORGHINI","HURACAN EVO","V10","5,204 cc","640 hp","325 km/h","2.9 sec","$261,000 ","Petrol","2","600 Nm","Coupe","13","20.0"
"47","LAMBORGHINI","AVENTADOR SV","V12","6,498 cc","740 hp","350 km/h","2.8 sec","$493,000 ","Petrol","2","690 Nm","Coupe","10","22.0"
"48","LAMBORGHINI","URUS ","V8","3,996 cc","641 hp","305 km/h","3.6 sec","$211,000 ","Petrol","5","850 Nm","SUV","15","21.1"
"49","LAMBORGHINI","HURACAN SPYDER","V10","5,204 cc","610 hp","325 km/h","3.4 sec","$287,000 ","Petrol","2","600 Nm","Convertible","13","20.0"
"50","LAMBORGHINI","AVENTADOR ROADSTER","V12","6,498 cc","700 hp","350 km/h","3.0 sec","$445,000 ","Petrol","2","690 Nm","Convertible","10","22.0"
"51","LAMBORGHINI","HURACAN  PERFORMANTE SPYDER","V10","5,204 cc","640 hp","325 km/h","3.1 sec","$308,000 ","Petrol","2","600 Nm","Convertible","13","20.0"
"52","LAMBORGHINI","AVENTADOR S","V12","6,498 cc","740 hp","350 km/h","2.9 sec","$421,000 ","Petrol","2","690 Nm","Sedan","10","22.0"
"53","LAMBORGHINI","HURACAN EVO SPYDER","V10","5,204 cc","640 hp","325 km/h","3.1 sec","$287,000 ","Petrol","2","600 Nm","Convertible","13","20.0"
"54","LAMBORGHINI","URUS PERFORMANTE","V8","3,996 cc","641 hp","305 km/h","3.3 sec","$242,000 ","Petrol","5","850 Nm","SUV","14","21.1"
"55","LAMBORGHINI","AVENTADOR ULTIMAE","V12","6,498 cc","769 hp","355 km/h","2.8 sec","$545,000 ","Petrol","2","720 Nm","Sedan","10","22.0"
"56","LAMBORGHINI","HURACAN EVO RWD","V10","5,204 cc","610 hp","325 km/h","3.3 sec","$258,000 ","Petrol","2","560 Nm","Sedan","13","20.0"
"57","LAMBORGHINI","AVENTADOR SVJ ROADSTER","V12","6,498 cc","759 hp","350 km/h","2.9 sec","$573,000 ","Petrol","2","720 Nm","Convertible","9","22.0"
"58","LAMBORGHINI","URUS S","V8","3,996 cc","671 hp","305 km/h","3.3 sec","$263,000 ","Petrol","5","850 Nm","SUV","15","21.1"
"59","LAMBORGHINI","HURACAN STO","V10","5,204 cc","640 hp","325 km/h","3.0 sec","$327,000 ","Petrol","2","565 Nm","Sedan","13","20.0"
"60","LAMBORGHINI","AVENTADOR LP 780-4 ULTIMATE","V12","6,498 cc","769 hp","355 km/h","2.8 sec","$545,000 ","Petrol","2","720 Nm","Sedan","9","22.0"
"61","LAMBORGHINI","HURACAN EVO RWD SPYDER","V10","5,204 cc","610 hp","325 km/h","3.3 sec","$273,000 ","Petrol","2","600 Nm","Convertible","13","20.0"
"62","LAMBORGHINI","AVENTADOR SVJ XAGO","V12","6,498 cc","759 hp","350 km/h","2.9 sec","$603,000 ","Petrol","2","720 Nm","Sedan","9","22.0"
"63","LAMBORGHINI","URUS GRAPHITE CAPSULE","V8","3,998 cc","641 hp","305 km/h","3.3 sec","$253,000 ","Petrol","5","850 Nm","SUV","15","21.1"
"64","LAMBORGHINI","HURACAN STO EVO","V10","5,204 cc","640 hp","325 km/h","3.0 sec","$342,000 ","Petrol","2","565 Nm","Sedan","13","20.0"
"65","LAMBORGHINI","AVENTADOR LP 780-4 ULTIMATE ROADSTER","V12","6,498 cc","769 hp","355 km/h","2.8 sec","$573,000 ","Petrol","2","720 Nm","Convertible","9","22.0"
"66","ROLLS ROYCE ","GHOST","V12","6,592 cc","591 hp","250 km/h","4.8 sec","$332,000 ","Petrol","5","850 Nm","Sedan","13","21.0"
"67","ROLLS ROYCE","WRAITH","V12","6,592 cc","624 hp","250 km/h","4.4 sec","$330,000 ","Petrol","4","870 Nm","Coupe","12","20.0"
"68","ROLLS ROYCE","DAWN","V12","6,592 cc","624 hp","250 km/h","4.9 sec","$360,000 ","Petrol","4","870 Nm","Sedan","12","20.0"
"69","ROLLS ROYCE","CULLINAN","V12","6,749 cc","563 hp","250 km/h","5.2 sec","$325,000 ","Petrol","5","850 Nm","SUV","13","24.0"
"70","ROLLS ROYCE","PHANTOM EXTENDED","V12","6,749 cc","563 hp","250 km/h","5.3 sec","$500,000 ","Petrol","5","900 Nm","Sedan","12","23.0"
"71","ROLLS ROYCE","GHOST EXTENDED","V12","6,592 cc","591 hp","250 km/h","4.8 sec","$370,000 ","Petrol","5","850 Nm","Sedan","13","21.0"
"72","ROLLS ROYCE","WRAITH BLACK BADGE","V12","6,592 cc","624 hp","250 km/h","4.3 sec","$360,000 ","Petrol","4","870 Nm","Coupe","12","20.0"
"73","ROLLS ROYCE","DAWN BLACK BADGE","V12","6,592 cc","624 hp","250 km/h","4.8 sec","$390,000 ","Petrol","4","870 Nm","Sedan","12","20.0"
"74","ROLLS ROYCE","CULLINAN BLACK BADGE","V12","6,749 cc","563 hp","250 km/h","5.1 sec","$350,000 ","Petrol","5","850 Nm","SUV","12","24.0"
"75","ROLLS ROYCE","PHANTOM COUPE","V12","6,749 cc","563 hp","250 km/h","5.3 sec","$450,000 ","Petrol","4","870 Nm","Coupe","12","21.0"
"76","ROLLS ROYCE","GHOST COUPE","V12","6,592 cc","591 hp","250 km/h","4.8 sec","$340,000 ","Petrol","4","850 Nm","Coupe","13","21.0"
"77","ROLLS ROYCE","WRAITH COUPE","V12","6,592 cc","624 hp","250 km/h","4.4 sec","$330,000 ","Petrol","4","870 Nm","Coupe","12","20.0"
"78","ROLLS ROYCE","DAWN CONVERTIBLE","V12","6,592 cc","624 hp","250 km/h","4.9 sec","$380,000 ","Petrol","4","870 Nm","Convertible","12","20.0"
"79","ROLLS ROYCE","CULLINAN SUV","V12","6,749 cc","563 hp","250 km/h","5.2 sec","$320,000 ","Petrol","5","850 Nm","SUV","13","24.0"
"80","MERCEDES","BENZ S-CLASS S 580","V8","3,982 cc","496 hp","250 km/h","4.4 sec","$116,000 ","Petrol","5","700 Nm","Sedan","20","21.1"
"81","MERCEDES","BENZ E-CLASS E 63 S","V8","3,982 cc","603 hp","250 km/h","3.4 sec","$104,000 ","Petrol","5","850 Nm","Sedan","18","17.4"
"82","MERCEDES","BENZ CLA 45 AMG","I4","1991 cc","382 hp","250 km/h","4.1 sec","$53,000 ","Petrol","5","500 Nm","Sedan","25","13.5"
"83","MERCEDES","BENZ GLE 63 S","V8","3,982 cc","603 hp","250 km/h","4.2 sec","$113,000 ","Petrol","5","850 Nm","SUV","18","22.5"
"84","MERCEDES","BENZ S-CLASS S 500","V6","2,996 cc","429 hp","250 km/h","4.9 sec","$109,000 ","Petrol","5","700 Nm","Sedan","20","21.1"
"85","MERCEDES","BENZ E-CLASS E 450 ","V6","2,996 cc","362 hp","250 km/h","5.2 sec","$62,000 ","Petrol","5","500 Nm","Sedan","24","17.4"
"86","MERCEDES","BENZ CLS 450","V6","2,996 cc","362 hp","250 km/h","5.2 sec","$70,000 ","Petrol","5","500 Nm","Sedan","24","17.4"
"87","MERCEDES","BENZ GT 53","V6","2,996 cc","429 hp","250 km/h","4.5 sec","$99,000 ","Petrol","5","700 Nm","Coupe","22","18.5"
"88","MERCEDES","BENZ GLE 450","V6","2,996 cc","362 hp","250 km/h","5.5 sec","$63,000 ","Petrol","5","500 Nm","SUV","23","22.5"
"89","MERCEDES","BENZ A-CLASS A 45 S","I4","1,991 cc","416 hp","250 km/h","3.9 sec","$53,000 ","Petrol","5","500 Nm","Sedan","28","13.2"
"90","MERCEDES","BENZ C-CLASS C 43","V6","2,996 cc","402 hp","250 km/h","4.7 sec","$52,000 ","Petrol","5","520 Nm","Sedan","24","17.4"
"91","MERCEDES","BENZ E-CLASS E 350","I4","1,991 cc","255 hp","250 km/h","5.7 sec","$49,000 ","Petrol","5","500 Nm","Sedan","26","17.4"
"92","MERCEDES","BENZ GLE 350 ","I4","1,991 cc","255 hp","250 km/h"," 6.1 sec","$53,000 ","Petrol","5","500 Nm","SUV","24","22.5"
"93","MERCEDES","BENZ GLC 43","V6","2,996 cc","402 hp","250 km/h","4.7 sec","$54,000 ","Petrol","5","520 Nm","SUV","22","17.4"
"94","MERCEDES","BENZ GLA 45","I4","1,991 cc","382 hp","250 km/h","4.3 sec","$48,000 ","Petrol","5","500 Nm","SUV","27","13.2"
"95","MERCEDES","BENZ GLC 350 ","I4","1,991 cc","255 hp","250 km/h","6.1 sec","$46,000 ","Petrol","5","500 Nm","SUV","24","17.4"
"96","MERCEDES","BENZ GLE 53","V6","2,996 cc","429 hp","250 km/h","5.2 sec","$71,000 ","Petrol","5","620 Nm","SUV","22","22.5"
"97","MERCEDES","BENZ S-CLASS S 350","I4","1,991 cc","255 hp","250 km/h","6.5 sec","$90,000 ","Petrol","5","500 Nm","Sedan","26","21.1"
"98","MERCEDES","BENZ EQS 53","ELECTRIC MOTOR","N/A","751 hp","250 km/h","3.4 sec","$102,000 ","Electric","5","950 Nm","Sedan","0","0"
"99","MERCEDES","BENZ MAYBACH S 680","V12","5,980 cc","630 hp","250 km/h","4.7 sec","$200,000 ","Petrol","5","1000 Nm","Sedan","14","21.1"
"100","BMW","M5 CS","V8","4,395 cc","627 hp","305 km/h","3.0 sec","$142,000 ","Petrol","5","750 Nm","Sedan","14","22.0"
"101","BMW","M4 GTS","I6","2,993 cc","493 hp","305 km/h","3.7 sec","$133,000 ","Petrol","4","600 Nm","Coupe","16","15.9"
"102","BMW","M3 COMPETITION","I6","2,993 cc","503 hp","285 km/h","3.5 sec","$76,000 ","Petrol","5","650 Nm","Sedan","18","15.9"
"103","BMW","M2 CS","I6","2,993 cc","444 hp","280 km/h","4.0 sec","$83,000 ","Petrol","4","550 Nm","Sedan","19","14.5"
"104","BMW","X5 M COMPETITION","V8","4,935 cc","523 hp","285 km/h","4.1 sec","$114,000 ","Petrol","5","750 Nm","SUV","15","21.9"
"105","BMW","X3 M COMPETITION","I6","2,993 cc","503 hp","285 km/h","4.1 sec","$69,000 ","Petrol","5","650 Nm","Sedan","17","17.7"
"106","BMW","M8 GRAN COUPE","V8","4,395 cc","523 hp","305 km/h","3.3 sec","$146,000 ","Petrol","5","750 Nm","Coupe","15","22.0"
"107","BMW","M850i DRIVE COUPE","V8","4,935 cc","523 hp","285 km/h","3.7 sec","$108,000 ","Petrol","4","750 Nm","Coupe","20","16.6"
"108","ROLLS ROYCE","DAWN BLACK BADGE VOLANTE","V12","6,592 cc","563 hp","250 km/h","4.8 sec","$398,000 ","Petrol","4","840 Nm","Sedan","12","20.0"
"109","ROLLS ROYCE","CULLINAN BLACK BADGE SUV","V12","6,749 cc","563 hp","250 km/h","5.1 sec","$381,000 ","Petrol","5","850 Nm","SUV","12","24.0"
"110","ROLLS ROYCE","PHATOM TRANQUILITY","V12","6,749 cc","563 hp","250 km/h","5.3 sec","$475,000 ","Petrol","5","900 Nm","Sedan","12","21.0"
"111","ROLLS ROYCE","GHOST ZENITH","V12","6,749 cc","563 hp","250 km/h","4.9 sec","$335,000 ","Petrol","5","900 Nm","Sedan","13","21.0"
"112","ROLLS ROYCE","WRAITH EAGLE VIII","V12","6,592 cc","623 hp","250 km/h","4.5 sec","$349,000 ","Petrol","4","800 Nm","Coupe","12","20.0"
"113","ROLLS ROYCE","PHATOM ORCHID","V12","6,749 cc","563 hp","250 km/h","5.3 sec","$495,000 ","Petrol","5","900 Nm","Sedan","12","21.0"
"114","ROLLS ROYCE","GHOST AZURE","V12","6,749 cc","563 hp","250 km/h","4.9 sec","$355,000 ","Petrol","5","900 Nm","Sedan","13","21.0"
"115","ROLLS ROYCE","WRAITH KRYPTOS","V12","6,592 cc","623 hp","250 km/h","4.5 sec","$369,000 ","Petrol","4","800 Nm","Coupe","12","20.0"
"116","ROLLS ROYCE","DAWN SILVER BULLET","V12","6,592 cc","563 hp","250 km/h","4.8 sec","$418,000 ","Petrol","4","840 Nm","Sedan","12","20.0"
"117","ROLLS ROYCE","CULLINAN FUX ORANGE","V12","6,749 cc","563 hp","250 km/h","5.1 sec","$401,000 ","Petrol","5","850 Nm","SUV","12","24.0"
"118","ROLLS ROYCE","PHANTOM CELESTIAL","V12","6,749 cc","563 hp","250 km/h","5.3 sec","$515,000 ","Petrol","5","900 Nm","Sedan","12","23.0"
"119","ROLLS ROYCE","GHOST MYSORE","V12","6,749 cc","563 hp","250 km/h","4.9 sec","$375,000 ","Petrol","5","900 Nm","Sedan","13","21.0"
"120","ROLLS ROYCE","WRAITH LUMINARY","V12","6,592 cc","623 hp","250 km/h","4.5 sec","$389,000 ","Petrol","4","800 Nm","Coupe","12","20.0"
"121","ROLLS ROYCE","DAWN BLACK BADGE ADAMAS","V12","6,592 cc","563 hp","250 km/h","4.8 sec","$439,000 ","Petrol","4","840 Nm","Sedan","12","20.0"
"122","ROLLS ROYCE","CULLINAN RED DIAMOND","V12","6,749 cc","563 hp","250 km/h","5.1 sec","$421,000 ","Petrol","5","850 Nm","SUV","12","24.0"
"123","AUDI","R8 V10 PLUS","V10","5,204 cc","610 hp","330 km/h","3.2 sec","$194,000 ","Petrol","2","560 Nm","Coupe","15","22.5"
"124","AUDI","RS7 SPORTBACK","V8","3,993 cc","591 hp","305 km/h","3.6 sec","$114,000 ","Petrol","5","800 Nm","Sedan","20","21.1"
"125","AUDI","S8","V8","3,993 cc","563 hp","305 km/h","4.3 sec","$101,000 ","Petrol","5","800 Nm","Sedan","20","21.1"
"126","AUDI","RS6 AVANT","V8","3,993 cc","591 hp","305 km/h","3.6 sec","$109,000 ","Petrol","5","800 Nm","Van","20","21.1"
"127","AUDI","S7 SPORTBACK","V8","3,993 cc","563 hp","305 km/h","4.3 sec","$96,000 ","Petrol","5","650 Nm","Sedan","22","21.1"
"128","AUDI","A8","V6","2,995 cc","335 hp","250 km/h","5.7 sec","$86,000 ","Petrol","5","600 Nm","Sedan","24","21.1"
"129","AUDI","S5 COUPE","V6","2,995 cc","349 hp","250 km/h","4.8 sec","$64,000 ","Petrol","4","500 Nm","Coupe","24","16.9"
"130","AUDI","SQ5","V6","2,995 cc","349 hp","250 km/h","5.4 sec","$62,000 ","Petrol","5","500 Nm","SUV","22","22.5"
"131","AUDI","S4 SEDAN","V6","2,995 cc","349 hp","250 km/h","4.7 sec","$59,000 ","Petrol","5","500 Nm","Sedan","25","16.9"
"132","AUDI","S3 SEDAN","I4","1,984 cc","306 hp","250 km/h","4.8 sec","$52,000 ","Petrol","5","400 Nm","Sedan","28","14.5"
"133","AUDI","Q7","V6","2,995 cc","335 hp","250 km/h","6.3 sec","$60,000 ","Petrol","7","600 Nm","SUV","21","22.5"
"134","AUDI","Q5","I4","1,984 cc","248 hp","240 km/h","6.3 sec","$43,000 ","Petrol","5","500 Nm","SUV","24","18.5"
"135","AUDI","A7","V6","2,995 cc","335 hp","250 km/h","5.7 sec","$68,000 ","Petrol","5","600 Nm","Sedan","25","21.1"
"136","AUDI","A6","V6","2,995 cc","335 hp","250 km/h","5.7 sec","$58,000 ","Petrol","5","600 Nm","Sedan","26","18.5"
"137","AUDI","A5 COUPE","I4","1,984 cc","248 hp","240 km/h","6.3 sec","$45,000 ","Petrol","4","500 Nm","Coupe","27","16.9"
"138","AUDI","A4","I4","1,984 cc","248 hp","240 km/h","6.5 sec","$39,000 ","Petrol","5","400 Nm","Sedan","28","15.3"
"139","AUDI","Q3","I4","1,984 cc","248 hp","230 km/h","7.3 sec","$35,000 ","Petrol","5","400 Nm","SUV","27","15.9"
"140","AUDI","E-TRON","ELECTRIC ","95 kwh","402 hp","200 km/h","5.5 sec","$75,000 ","Electric","5","664 Nm","Sedan","0","0"
"141","AUDI","E-TRON SPORTBACK","ELECTRIC","95 kwh","402 hp","200 km/h","5.5 sec","$78,000 ","Electric","5","664 Nm","Sedan","0","0"
"142","AUDI","TT COUPE","I4","1,984 cc","248 hp","250 km/h","5.3 sec","$49,000 ","Petrol","2","400 Nm","Coupe","30","13.2"
"143","BMW","I8 ROADSTER","ELECTRIC MOTOR","11.6 kwh","369 hp","250 km/h","4.4 sec","$165,000 ","Hybrid","2","570 Nm","Convertible","28","11.9"
"144","BMW","330i","I4","1,998 cc","255 hp","250 km/h","5.6 sec","$45,000 ","Petrol","5","400 Nm","Sedan","30","15.6"
"145","BMW","M340i XDRIVE","I6","2,998 cc","382 hp","250 km/h","4.1 sec","$57,000 ","Petrol","5","500 Nm","Sedan","27","15.6"
"146","BMW","430i COUPE","I4","1,998 cc","255 hp","250 km/h","5.8 sec","$48,000 ","Petrol","4","400 Nm","Coupe","30","15.6"
"147","BMW","M4 COMPETITION","I6","2,993 cc","503 hp","290 km/h","3.8 sec","$81,000 ","Petrol","4","650 Nm","Coupe","20","15.6"
"148","BMW","530i","I4","1,998 cc","248 hp","250 km/h","5.9 sec","$57,000 ","Petrol","5","400 Nm","Sedan","28","18.5"
"149","BMW","M550i XDRIVE","V8","4,395 cc","523 hp","250 km/h","3.6 sec","$78,000 ","Petrol","5","650 Nm","Sedan","22","18.5"
"150","BMW","118i","I3","1,499 cc","136 hp","213 km/h","8.5 sec","$32,000 ","Petrol","5","220 Nm","Sedan","45","11.2"
"151","BMW","128ti","I4","1,998 cc","261 hp","250 km/h","6.1 sec","$42,000 ","Petrol","5","400 Nm","Sedan","38","12.7"
"152","BMW","M135i XDRIVE","I4","1,998 cc","302 hp","250 km/h","4.8 sec","$30,000 ","Petrol","5","450 Nm","Sedan","34","12.7"
"153","BMW","116D","I3","1,496 cc","116 hp","200 km/h","10.3 sec","$30,000 ","Diesel","5","280 Nm","Sedan","60","10.6"
"154","BMW","120D XDRIVE","I4","1,995 cc","190 hp","230 km/h","6.9 sec","$38,000 ","Diesel","5","400 Nm","Sedan","55","12.0"
"155","BMW","116i","I3","1,499 cc","109 hp","200 km/h","10.9 sec","$28,000 ","Petrol","5","200 Nm","Sedan","48","10.6"
"156","BMW","118D","I4","1,995 cc","150 hp","216 km/h","8.4 sec","$34,000 ","Diesel","5","380 Nm","Sedan","58","11.2"
"157","BMW","120i","I4","1,998 cc","178 hp","230 km/h","7.1  sec","$37,000 ","Petrol","5","300 Nm","Sedan","45","12.0"
"158","BMW","125i","I4","1,998 cc","224 hp","240 km/h","6.1 sec","$42,000 ","Petrol","5","400 Nm","Sedan","40","12.0"
"159","BMW","114D","I3","1,496 cc","95 hp","185 km/h","12.2 sec","$27,000 ","Diesel","5","270 Nm","Sedan","62","10.6"
"160","BMW","114i","I4","1,598 cc","102 hp","195 km/h","11.2 sec","$26,000 ","Petrol","5","200 Nm","Sedan","50","10.6"
"161","BMW","125D","I4","1,995 cc","224 hp","240 km/h","6.3 sec","$44,000 ","Diesel","5","400 Nm","Sedan","55","12.0"
"162","BMW","118i XDRIVE","I3","1,499 cc","136 hp","211 km/h","8.9 sec","$34,000 ","Petrol","5","250 Nm","Sedan","42","11.2"
"163","BMW","116D EFFICIENTDYNAMICS","I3","1,496 cc","116 hp","200 km/h","10.9 sec","$30,000 ","Diesel","5","270 Nm","Sedan","70","10.6"
"164","BMW","118i SPORTLINE","I3","1,499 cc","136 hp","213 km/h","8.5 sec","$35,000 ","Petrol","5","250 Nm","Sedan","42","11.2"
"165","BMW","118i M SPORT","I3","1,499 cc","136 hp","213 km/h","8.5 sec","$37,000 ","Petrol","5","250 Nm","Sedan","42","11.2"
"166","BMW","120i M SPORT","I4","1,998 cc","178 hp","230 km/h","7.1 sec","$39,000 ","Petrol","5","300 Nm","Sedan","41","12.0"
"167","BMW","116i EFFICIENTDYNAMICS","I4","1,598 cc","109 hp","195 km/h","10.9 sec","$29,000 ","Petrol","5","200 Nm","Sedan","68","10.6"
"168","BMW","116D ADVANTAGE","I3","1,496 cc","116 hp","200 km/h","10.5 sec","$31,000 ","Diesel","5","270 Nm","Van","60","10.6"
"169","BMW","120D EFFICIENTDYNAMICS","I4","1,995 cc","163 hp","225 km/h","7.7 sec","$39,000 ","Diesel","5","400 Nm","Sedan","56","12.0"
"170","BMW","118i SHADOW LINE","I3","1,499 cc","136 hp","213 km/h","8.5 sec","$36,000 ","Petrol","5","250 Nm","Sedan","42","11.2"
"171","BMW","118D SPORT LINE","I4","1,995 cc","150 hp","216 km/h","8.4 sec","$36,000 ","Diesel","5","380 Nm","Sedan","58","11.2"
"172","BMW","120i XDRIVE","I4","1,998 cc","178 hp","230 km/h","7.2 sec","$40,000 ","Petrol","5","300 Nm","Sedan","41","12.0"
"173","BMW","114D SPORT LINE","I3","1,496 cc","95 hp","185 km/h","12.2 sec","$28,000 ","Diesel","5","270 Nm","Sedan","62","10.6"
"174","BMW","118i URBAN LINE","I3","1,499 cc","136 hp","213 km/h","8.5 sec","$35,000 ","Petrol","5","250 Nm","Sedan","42","11.2"
"175","VOLVO","XC90","I6","1,969 cc","247 hp","200 km/h","6.5 sec","$60,000 ","Petrol","7","400 Nm","SUV","21","18.5"
"176","VOLVO","XC60","I6","1,969 cc","247 hp","220 km/h","6.4 sec","$55,000 ","Petrol","5","400 Nm","SUV","24","18.5"
"177","VOLVO","S90","I6","1,969 cc","295 hp","250 km/h","5.9 sec","$60,000 ","Petrol","5","400 Nm","Sedan","26","16.1"
"178","KIA","SPORTAGE LX","I4","2,480 cc","187 hp","200 km/h","8.0 sec","$27,000 ","Petrol","5","250 Nm","SUV","26","14.5"
"179","KIA","SPORTAGE EX","I4","2,480 cc","187 hp","200 km/h","8.0 sec","$30,000 ","Petrol","5","250 Nm","SUV","26","14.5"
"180","KIA","SPORTAGE GT-LINE","I4","2,480 cc","187 hp","200 km/h","8.0 sec","$32,000 ","Petrol","5","350 Nm","SUV","25","14.5"
"181","KIA","SPORTAGE SX TURBO","I4","1,998 cc","240 hp","210 km/h","6.7 sec","$36,000 ","Petrol","5","400 Nm","SUV","24","14.5"
"182","KIA","SPORTAGE NIGHTFALL EDITION","I4","2,480 cc","187 hp","200 km/h","8.0 sec","$33,000 ","Petrol","5","350 Nm","SUV","25","14.5"
"183","HONDA","CIVIC TYPE R","I4","1,996 cc","315 hp","272 km/h","5.7 sec","$44,000 ","Petrol","5","400 Nm","Sedan","25","12.4"
"184","KIA","SPORTAGE PHEV","I4 + ELECTRIC","1,600 cc / 13.8 kwh","261 hp","180 km/h","8.0 sec","$41,000 ","PIH","5","350 Nm","SUV","80","11.9"
"185","KIA","SPORTAGE 2024(BASE MODEL)","I4","2,480 cc","187 hp","200 km/h","8.0 sec","$26,000 ","Petrol","5","250 Nm","SUV","28","14.5"
"186","KIA","SPORTAGE 2024(TOP TRIM)","I4","1,998 cc","240 hp","210 km/h","6.7 sec","$38,000 ","Petrol","5","400 Nm","SUV","26","14.5"
"187","KIA","SPORTAGE 2024(BASE AWD)","I4","2,480 cc","187 hp","200 km/h","8.3 sec","$29,000 ","Petrol","5","250 Nm","SUV","27","14.5"
"188","KIA","SPORTAGE X-LINE","I4","2,480 cc","187 hp","200 km/h","8.0 sec","$32,500 ","Petrol","5","350 Nm","SUV","26","14.5"
"189","KIA","SPORTAGE 2024(S TRIM)","I4","2,480 cc","187 hp","200 km/h","8.2 sec","$28,000 ","Petrol","5","250 Nm","SUV","26","14.5"
"190","HONDA","ACCORD","I4","1,498 cc","192 hp","201 km/h","7.1 sec","$29,400 ","Petrol","5","370 Nm","Sedan","33","14.8"
"191","KIA","SPORTAGE 2024(HYBRID AWD)","I4 + ELECTRIC","1,600 cc / 1.49 kwh","227 hp","180 km/h","8.0 sec","$37,000 ","Hybrid","5","350 Nm","SUV","38","11.9"
"192","KIA","SPORTAGE 2024(PLUG-IN HYBRID AWD)","I4 + ELECTRIC","1,598 cc / 13.8 kwh","261 hp","180 km/h","7.9 sec","$42,000 ","PIH","5","350 Nm","SUV","80","11.9"
"193","KIA","SPORTAGE 2024(X-PRO)","I4","2,480 cc","187 hp","200 km/h","8.1 sec","$36,000 ","Petrol","5","400 Nm","SUV","27","14.5"
"194","KIA","SPORTAGE 2024(X-PRO PRESTIGE)","I4","2,480 cc","187 hp","200 km/h","8.1 sec","$38,000 ","Petrol","5","400 Nm","SUV","27","14.5"
"195","KIA","SPORTAGE 2024(SX TURBO AWD)","I4","1,998 cc","240 hp","210 km/h","6.5 sec","$40,000 ","Petrol","5","400 Nm","SUV","25","14.5"
"196","KIA  ","SPORTAGE 2024(BASE FWD)","I4","2,480 cc","187 hp","200 km/h","8.5 sec","$26,500 ","Petrol","5","250 Nm","SUV","28","14.5"
"197","HONDA","CR-V","I4","1,498 cc","190 hp","186 km/h","8.2 sec","$30,000 ","Petrol","5","400 Nm","SUV","30","14.0"
"198","HONDA","PILOT","V6","3,471 cc","285 hp","209 km/h","6.3 sec","$40,000 ","Petrol","8","360 Nm","SUV","22","19.5"
"199","HONDA","CIVIC HATCHBACK","I4","1,498 cc","180 hp","220 km/h","6.8 sec","$26,350 ","Petrol","5","300 Nm","Hatchback","32","12.4"
"200","TOYOTA","CAMRY","V6","3,500 cc","301 hp","220 km/h","6.0 sec","$27,000 ","Petrol","5","250 Nm","Sedan","32","15.8"
"201","TOYOTA","COROLLA","I4","1,798 cc","139 hp","180 km/h","9.4 sec","$22,500 ","Petrol","5","200 Nm","Sedan","34","13.2"
"202","TOYOTA","PRIUS","I4","1,798 cc","121 hp","180 km/h","10.5 sec","$26,700 ","Hybrid","5","142 Nm","Sedan","56","11.3"
"203","TOYOTA","RAV4","I4","2,494 cc","203 hp","200 km/h","8.1 sec","$27,100 ","Petrol","5","400 Nm","SUV","30","14.5"
"204","TOYOTA","HIGHLANDER","V6","3,456 cc","295 hp","220 km/h","7.2 sec","$38,400 ","Petrol","7","370 Nm","SUV","24","17.1"
"205","TOYOTA","4RUNNER ","V6","3,956 cc","270 hp","200 km/h","7.5 sec","$37,400 ","Petrol","5","400 Nm","SUV","20","23.0"
"206","TOYOTA","TACOMA","I4","2,694 cc","159 hp","180 km/h","9.5 sec","$26,400 ","Petrol","5","400 Nm","Truck","23","21.1"
"207","TOYOTA","TUNDRA","V8","5,663 cc","381 hp","220 km/h","6.7 sec","$39,900 ","Petrol","5","650 Nm","Truck","20","26.0"
"208","TOYOTA","AVALON","V6","3,456 cc","301 hp","220 km/h","6.9 sec","$41,400 ","Petrol","5","400 Nm","Sedan","28","18.5"
"209","TOYOTA","MIRAI","I4","1,798 cc","151 hp","180 km/h","9.2 sec","$52,400 ","Hydrogen","5","335 Nm","Sedan","",""
"210","TOYOTA","SIENNA","V6","2,494 cc","245 hp","190 km/h","8.0 sec","$44,150 ","Petrol","7","360 Nm","Van","36","14.5"
"211","TOYOTA","VENZA","I4","2,494 cc","219 hp","200 km/h","7.5 sec","$33,400 ","Hybrid","5","400 Nm","SUV","40","14.5"
"212","TOYOTA","HIGHLANDER HYBRID","V6","3,456 cc","240 hp","220 km/h","8.2 sec","$40,400 ","Hybrid","7","350 Nm","SUV","36","17.1"
"213","TOYOTA","LAND CRUISER PRADO","V6","3,956 cc","282 hp","200 km/h","7.2 sec","$49,400 ","Petrol","7","450 Nm","SUV","20","22.0"
"214","TOYOTA","TUNDRA HYBRID","V6","3,456 cc","344 hp","220 km/h","6.2 sec","$43,400 ","Hybrid","5","650 Nm","Truck","20","26.0"
"215","TOYOTA","YARIS","I4","1,496 cc","106 hp","180 km/h","11.2 sec","$18,400 ","Petrol","5","150 Nm","Hatchback","36","11.6"
"216","TOYOTA","C-HR","I4","1,986 cc","144 hp","200 km/h","10.2 sec","$24,400 ","Petrol","5","250 Nm","SUV","31","14.5"
"217","TOYOTA","BZ4X","ELECTRIC","64.8 kwh (Base Model),72.8 kwh (Higher End Model","218 hp","200 km/h","7.5 sec","$43,400 ","Electric","5","330 Nm","SUV","0","0"
"218","TOYOTA","CROWN","HYBRID","2,494 cc","236 hp","200 km/h","7.6 sec","$38,400 ","Hybrid","5","400 Nm","Sedan","30","14.5"
"219","TOYOTA","MR2","I4","1,986 cc","168 hp","200 km/h","6.9 sec","$29,000 ","Petrol","2","400 Nm","Coupe","22","13.2"
"220","TOYOTA","CELICA","I4","1,986 cc","140 hp","200 km/h","8.5 sec","$25,000 ","Petrol","5","250 Nm","Coupe","28","13.2"
"221","HONDA","CITY","I4","1,497 cc","119 hp","180 km/h","10.2 sec","$15,400 ","Petrol","5","145 Nm","Sedan","33","11.9"
"222","HONDA","CIVIC","I4","1,996 cc","158 hp","200 km/h","8.5 sec","$20,400 ","Petrol","5","400 Nm","Sedan","32","12.4"
"223","HYUNDAI","I10","1.2L,4-CYLINDER,INLINE-4(I4)","1,197 cc","87 hp","160 km/h","12.2 sec","$12,400 ","Petrol","5","120 Nm","Hatchback","55","8.8"
"224","HYUNDAI","I20","1.4L,4-CYLINDER,INLINE-4(I4)","1,396 cc","99 hp","180 km/h","10.5 sec","$15,400 ","Petrol","5","250 Nm","Hatchback","50","9.7"
"225","HYUNDAI","ELANTRA","2.0L,4-CYLINDER,INLINE-4(I4)","1,999 cc","147 hp","200 km/h","9.5 sec","$18,400 ","Petrol","5","250 Nm","Sedan","37","13.2"
"226","TOYOTA","PRIUS PRIME","2.0L,4-CYLINDER,WITH HYBRID SYSTEM","1,998 cc","220 hp","180 km/h","6.7 sec","$31,100 ","PIH","5","220 Nm","Sedan","133","11.3"
"227","TOYOTA","GR COROLLA","1.6L,TURBOCHARGED INLINE-3","1,618 cc","300 hp","230 km/h","5. 0 sec","$36,995 ","Petrol","5","370 Nm","Hatchback","30","13.2"
"228","TOYOTA","LAND CRUISER 300","3.3L,V6,TWIN TURBO DIESEL","3,346 cc","305 hp","210 km/h","6.8 sec","$58,500 ","Petrol","7","650 Nm","SUV","17","24.6"
"229","TOYOTA","TUNDRA I-FORCE MAX","3.5L,V6,HYBRID TWIN-TURBO","3,445 cc","437 hp","180 km/h","6.2 sec","$56,000 ","Hybrid","5","750 Nm","Truck","20","26.0"
"230","TOYOTA","COROLLA HATCHBACK XSE","2.0L,INLINE-4","1,987 cc","169 hp","190 km/h","8.2 sec","$25,390 ","Petrol","5","250 Nm","Hatchback","34","13.2"
"231","TOYOTA","MIRAI","HYDROGEN FUEL CELL,ELECTRIC MOTOR","1.24 kwh","152 hp","180 km/h","9.0 sec","$49,500 ","Hydrogen","5","335 Nm","Sedan","",""
"232","TOYOTA","HILUX GR SPORT","2.8L,TURBO,DIESEL","2,755 cc","224 hp","170 km/h","10.0 sec","$50,000 ","Petrol","5","500 Nm","Truck","22","22.0"
"233","TOYOTA","GR YARIS","1.6L,TURBOCHARGED INLINE-3","1,618 cc","268 hp","230 km/h","5.5 sec","$45,000 ","Petrol","4","390 Nm","Hatchback","35","10.6"
"234","HYUNDAI","SANTA FE","1.6L PETROL + PLUG IN HYBRID SYSTEM","1,600 cc","253 hp","180 km/h","9.3 sec","$50,000 ","Petrol","7","420 Nm","SUV","28","18.8"
"235","HYUNDAI","IONIQ 5","ELECTRIC MOTOR","72.6 KWH","225 hp","185 km/h","7.4 sec","$41,000 ","Electric","5","350 Nm","Sedan","0","0"
"236","HYUNDAI","Santa Cruz","2.5L Turbocharged Inline-4","2,500 cc","281 hp","215 km/h","6.5 sec","$40,799 ","Petrol","5","400 Nm","Truck","24","20.0"
"237","HYUNDAI","Kona","1.6L PETROL ","1,591 cc","147 hp","185 km/h","10. 5 sec","$20,500 ","Petrol","5","400 Nm","SUV","33","13.2"
"238","HYUNDAI","Elantra","2.0L Inline-4","2,000 cc","147 hp","210 km/h","8.3 sec","$19,950 ","Petrol","5","250 Nm","Sedan","37","13.2"
"239","Nissan","Urvan","2.5L Turbo Diese","","2488 cc","140 km/h","14.0 sec","$28,000 ","Diesel","15","356 Nm","Van","14","33.0"
"240","HYUNDAI","IONIQ 6","Electric Motor","53.6 kwh(Standard Range) / 77.4 kwh(Long Range)","320 hp","185 km/h","5.2 sec","$41,450 ","Electric","5","350 Nm","Sedan","0","0"
"241","HYUNDAI","Tucson","2.5L Inline-4","2,500 cc","187 hp","180 km/h","6.1 sec","$30,500 ","Petrol","5","400 Nm","SUV","30","17.7"
"242","HYUNDAI","Palisade","3.8L V6","3,800 cc","291 hp","240 km/h","6.3 sec","$52,000 ","Petrol","7","355 Nm","SUV","23","18.8"
"243","HYUNDAI","Sonata","2.5L Inline-4","2,500 cc","191 hp","240 km/h","8 sec","$25,000 ","Petrol","5","250 Nm","Sedan","33","14.5"
"244","HYUNDAI","Accent","1.6L Inline-4","1,600 cc","120 hp","180 km/h","9.8 sec","$15,000 ","Petrol","5","151 Nm","Sedan","36","11.9"
"245","HYUNDAI","Venue","1.6L Inline-4","1,600 cc","121 hp","180 km/h","9.5 sec","$18,000 ","Petrol","5","240 Nm","SUV","33","11.9"
"246","HYUNDAI","KONA Electric","Electric Motor","39.2 kwh","200 hp","200 km/h","6.1 sec","$40,000 ","Electric","5","395 Nm","SUV","0","0"
"247","HYUNDAI","Veloster","2.0L Inline-4","2,000 cc","275 hp","220 km/h","6 sec","$25,000 ","Petrol","4","264 Nm","Hatchback","29","13.2"
"248","HYUNDAI","Tiburon","2.0L Inline-4","2,000 cc","160 hp","200 km/h","8.2 sec","$19,000 ","Petrol","4","320 Nm","Coupe","24","15.9"
"249","HYUNDAI","Elantra GT","1.6L Turbo GDI 4-cylinder","2,000 cc","160 hp","200 km/h","8.3 sec","$22,000 ","Petrol","5","320 Nm","Hatchback","31","13.2"
"250","Volkswagen","Golf","1.5L Turbo I4 / Electric","1498 cc / 40 - 58 kWh","110 - 320 hp","210 km/h","8.5 sec","$23,000 ","Petrol","5","250 Nm","Hatchback","34","13.2"
"251","Volkswagen","Passat","2.0L Turbo I4","1984 cc","150 - 280 hp","210 km/h","7.8 sec","$25,000 ","Petrol","5","250 Nm","Sedan","30","18.5"
"252","Volkswagen","Tiguan","2.0L Turbo I4","1984 cc","150 - 230 hp","209 km/h","8.5 sec","$28,505 ","Petrol","7","300 Nm","SUV","28","16.5"
"253","Volkswagen","Jetta","1.5L Turbo I4","1498 cc","150 - 228 hp","210 km/h","7.7 sec","$21,995 ","Petrol","5","250 Nm","Sedan","34","13.2"
"254","Volkswagen","Touareg","3.0L V6 Turbo Diesel / 4.0L V8","2967 cc / 3956 cc","231 - 500 hp","235 km/h","5.9 sec","$55,000 ","Petrol","5","600 Nm","SUV","24","20.0"
"255","Volkswagen","Scirocco","2.0L Turbo I4","1984 cc","125 - 280 hp","233 km/h","6.0 sec","$35,000 ","Petrol","4","350 Nm","Coupe","35","13.2"
"256","Volkswagen","ID. Buzz","Electric","77 kWh","204 hp","145 km/h","10.2 sec","$59,995 ","Electric","7","310 Nm","Van","0","0"
"257","Volkswagen","Golf GTI","2.0L Turbo I4","1984 cc","245 hp","250 km/h","5.9 sec","$31,965 ","Petrol","5","350 Nm","Hatchback","29","13.2"
"258","Volkswagen","Golf R","2.0L Turbo I4","1984 cc","315 hp","250 km/h","4.6 sec","$44,640 ","Petrol","5","420 Nm","Hatchback","24","13.2"
"259","Volkswagen","Passat Alltrack","2.0L Turbo Diesel I4","1968 cc","190 - 240 hp","220 km/h","7.8 sec","$36,000 ","Diesel","5","400 Nm","Van","30","18.5"
"260","Volkswagen","Polo GTI","2.0L Turbo I4","1984 cc","204 hp","238 km/h","6.7 sec","$28,000 ","Petrol","5","320 Nm","Hatchback","45","11.0"
"261","Volkswagen","Touareg R","Plug-in Hybrid V6","2995 cc","462 hp","250 km/h","5.1 sec","$70,000 ","Hybrid","5","700 Nm","SUV","25","20.0"
"262","Volkswagen","Multivan","Plug-in Hybrid / Diesel I4","1395 cc / 1968 cc","150 - 218 hp","190 km/h","9.4 sec","$50,000 ","Petrol","7","350 Nm","Van","35","22.0"
"263","Nissan","Versa","1.6L Inline-4","1598 cc","122 HP","180 km/h","10.4 sec","$16,700 ","Petrol","5","154 Nm","Sedan","35","13.2"
"264","Nissan","Micra","1.0L Turbocharged Inline-3","999 cc","100 HP","175 km/h","10.8 sec","$15,500 ","Petrol","5","160 Nm","Hatchback","55","10.6"
"265","Nissan","Patrol Platinum","5.6L V8","5552 cc","400 HP","210 km/h","7.3 sec","$77,000 ","Petrol","7","560 Nm","SUV","14","28.0"
"266","Nissan","Qashqai","1.3L Turbocharged Inline-4","1332 cc","156 HP","195 km/h","8.9 sec","$26,000 ","Petrol","5","260 Nm","SUV","40","13.2"
"267","Nissan","Murano","3.5L V6","3498 cc","260 HP","210 km/h","7.5 sec","$39,000 ","Petrol","5","325 Nm","SUV","26","19.5"
"268","Nissan","Maxima Platinum","3.5L V6","3498 cc","300 HP","220 km/h","6.2 sec","$45,000 ","Petrol","5","353 Nm","Sedan","26","18.5"
"269","Nissan","Armada","5.6L V8","5552 cc","400 HP","210 km/h","6.5 sec","$51,000 ","Petrol","8","560 Nm","SUV","18","26.0"
"270","Nissan","Kicks","1.6L Inline-4","1598 cc","122 HP","180 km/h","10.7 sec","$20,000 ","Petrol","5","154 Nm","SUV","33","12.4"
"271","Nissan","X-Trail","1.5L Turbocharged Inline-3","1498 cc","201 HP","200 km/h","8.0 sec","$29,000 ","Hybrid","5","305 Nm","SUV","30","14.5"
"272","Nissan","Z (Fairlady Z)","3.0L Twin-Turbo V6","2997 cc","400 HP","250 km/h","4.5 sec","$40,000 ","Petrol","2","475 Nm","Coupe","24","16.0"
"273","Nissan","Almera","1.0L Turbocharged Inline-3","999 cc","100 HP","185 km/h","10.7 sec","$14,500 ","Petrol","5","160 Nm","Sedan","45","11.0"
"274","Nissan","Sylphy","1.8L Inline-4","1798 cc","137 HP","190 km/h","9.6 sec","$18,000 ","Petrol","5","174 Nm","Sedan","50","11.0"
"275","Nissan","Note","1.2L Inline-3 Hybrid","1198 cc","109 HP","170 km/h","11.5 sec","$16,000 ","Hybrid","5","150 Nm","Hatchback","55","10.6"
"276","Nissan","Sunny","1.6L Inline-4","1598 cc","118 HP","180 km/h","11.0 sec","$15,000 ","Petrol","5","156 Nm","Sedan","50","11.0"
"277","Nissan","Cube","1.8L Inline-4","1798 cc","122 HP","175 km/h","10.6 sec","$14,500 ","Petrol","5","171 Nm","Van","40","12.4"
"278","Nissan","Juke","1.0L Turbocharged Inline-3","999 cc","117 HP","180 km/h","10.4 sec","$25,000 ","Petrol","5","180 Nm","SUV","45","11.0"
"279","Nissan","Terrano","1.5L Inline-4 Diesel","1461 cc","110 HP","168 km/h","13.5 sec","$15,500 ","Diesel","5","248 Nm","SUV","40","13.2"
"280","Nissan","Magnite","1.0L Turbocharged Inline-3","999 cc","100 HP","160 km/h","13.0 sec","$12,000 ","Petrol","5","160 Nm","SUV","45","11.0"
"281","Nissan","Xterra","4.0L V6","3954 cc","261 HP","200 km/h","7.8 sec","$35,000 ","Petrol","7","381 Nm","SUV","18","21.1"
"282","Nissan","Patrol","5.6L V8","5552 cc","400 HP","210 km/h","7.3 sec","$77,000 ","Petrol","7","560 Nm","SUV","15","26.4"
"283","Nissan","GT-R NISMO","3.8L Twin-Turbo V6","3799 cc","600 HP","330 km/h","2.9 sec","$220,000 ","Petrol","2","652 Nm","Coupe","18","19.5"
"284","Nissan","370Z Roadster","3.7L V6","3696 cc","332 HP","250 km/h","5.5 sec","$41,820 ","Petrol","2","366 Nm","Convertible","21","19"
"285","Nissan","370Z NISMO","3.7L V6","3696 cc","350 HP","250 km/h","5.2 sec","$45,790 ","Petrol","2","374 Nm","Coupe","20","19"
"286","Nissan","Pathfinder Armada","5.6L V8","5552 cc","400 HP","200 km/h","6.5 sec","$60,000 ","Petrol","7","560 Nm","SUV","13","28"
"287","Nissan","Rogue Midnight Edition","1.5L Turbo Inline-3","1497 cc","201 HP","180 km/h","8.2 sec","$39,000 ","Petrol","5","300 Nm","SUV","28","14.5"
"288","Nissan","GT-R Black Edition","3.8L Twin-Turbo V6","3799 cc","600 HP","330 km/h","2.8 sec","$185,000 ","Petrol","2","652 Nm","Coupe","18","19.5"
"289","Nissan","Fairlady Z Heritage","3.0L Twin-Turbo V6","2997 cc","400 HP","250 km/h","4.2 sec","$48,000 ","Petrol","2","475 Nm","Coupe","20","19"
"290","Nissan","Skyline GT-R R34","2.6L Twin-Turbo Inline-6","2568 cc","276 HP","250 km/h","5.6 sec","$70,000 ","Petrol","4","392 Nm","Coupe","19","19.5"
"291","Nissan","300ZX","3.0L Twin-Turbo V6","2960 cc","300 HP","250 km/h","5.9 sec","$50,000 ","Petrol","4","384 Nm","Coupe","20","19"
"292","Nissan","300ZX Turbo","3.0L Twin-Turbo V6","2960 cc","300 HP","250 km/h","5.9 sec","$55,000 ","Petrol","4","384 Nm","Coupe","18","19"
"293","Nissan","Silvia S15 Spec-R","2.0L Turbo Inline-4","1998 cc","250 HP","240 km/h","5.6 sec","$35,000 ","Petrol","4","300 Nm","Coupe","24","17.2"
"294","Nissan","NV400","2.3L Inline-4 Diesel","2298 cc","135 HP","150 km/h","15.0 sec","$40,000 ","Diesel","3","360 Nm","Van","18","19"
"295","Nissan","Titan Warrior","5.6L V8","5552 cc","400 HP","180 km/h","7.0 sec","$55,000 ","Petrol","5","560 Nm","Truck","14","26"
"296","Nissan","Caravan Coach","2.5L Inline-4 Diesel","2498 cc","127 HP","140 km/h","14.0 sec","$30,000 ","Diesel","7","260 Nm","Van","20","17.2"
"297","Nissan","Serena e-Power","1.2L Hybrid","1198 cc","134 HP","160 km/h","12.0 sec","$35,000 ","Hybrid","7","320 Nm","Van","45","14.5"
"298","Nissan","Elgrand","3.5L V6","3498 cc","280 HP","200 km/h","8.5 sec","$50,000 ","Petrol","7","344 Nm","Van","19","20"
"299","Nissan","Datsun 510","1.6L Inline-4","1595 cc","96 HP","175 km/h","10.2 sec","$25,000 ","Petrol","4","135 Nm","Sedan","27","13.2"
"300","Nissan","Prairie","2.0L Inline-4","1998 cc","120 HP","175 km/h","11.0 sec","$18,000 ","Petrol","5","170 Nm","Sedan","24","15.9"
"301","Nissan","Pulsar GTI-R","2.0L Turbo Inline-4","1998 cc","230 HP","225 km/h","6.0 sec","$30,000 ","Petrol","5","280 Nm","Coupe","20","15.9"
"302","Nissan","Almera Tino","1.8L Inline-4","1769 cc","114 HP","180 km/h","12.5 sec","$15,000 ","Petrol","5","160 Nm","Hatchback","28","15.9"
"303","Nissan","Lucino","1.6L Inline-4","1597 cc","115 HP","185 km/h","10.5 sec","$12,000 ","Petrol","5","150 Nm","Sedan","30","13.2"
"304","Nissan","Rasheen","1.5L Inline-4","1497 cc","105 HP","165 km/h","13.0 sec","$10,000 ","Petrol","5","135 Nm","SUV","26","13.2"
"305","Nissan","Mistral","2.7L Turbo Diesel","2663 cc","125 HP","160 km/h","12.5 sec","$25,000 ","Diesel","7","260 Nm","SUV","22","19"
"306","Nissan","Patrol Y60","4.2L Inline-6","4169 cc","155 HP","160 km/h","12.0 sec","$45,000 ","Diesel","7","330 Nm","SUV","15","25.1"
"307","Nissan","X-Trail GT","2.0L Turbo Inline-4","1998 cc","280 HP","215 km/h","6.4 sec","$38,000 ","Petrol","5","310 Nm","SUV","22","17.2"
"308","Nissan","Terrano Regulus","3.3L V6","3275 cc","170 HP","175 km/h","10.0 sec","$28,000 ","Petrol","5","290 Nm","SUV","20","21.1"
"309","Nissan","President","4.5L V8","4494 cc","280 HP","210 km/h","7.5 sec","$70,000 ","Petrol","5","400 Nm","Sedan","18","21.1"
"310","Nissan","Cima","4.1L V8","4130 cc","270 HP","210 km/h","8.0 sec","$60,000 ","Petrol","5","390 Nm","Sedan","19","21.1"
"311","Nissan","Leopard J. Ferie","3.0L V6 Turbo","2960 cc","255 HP","215 km/h","6.5 sec","$45,000 ","Petrol","5","340 Nm","Sedan","20","19"
"312","Nissan","Gloria Gran Turismo","3.0L V6 Turbo","2960 cc","255 HP","220 km/h","6.5 sec","$50,000 ","Petrol","5","340 Nm","Sedan","22","19"
"313","Nissan","Infiniti Q45*","4.5L V8","4494 cc","340 HP","240 km/h","6.2 sec","$50,000 ","Petrol","5","450 Nm","Sedan","17","22"
"314","Nissan","Datsun 240Z","2.4L Inline-6","2393 cc","151 HP","210 km/h","8.0 sec","$45,000 ","Petrol","2","198 Nm","Coupe","21","15.9"
"315","Nissan","280ZX","2.8L Inline-6","2753 cc","145 HP","205 km/h","9.5 sec","$35,000 ","Petrol","2","210 Nm","Coupe","20","19"
"316","Nissan","Silvia S13","1.8L Turbo Inline-4","1809 cc","175 HP","215 km/h","6.8 sec","$20,000 ","Petrol","4","230 Nm","Coupe","25","17.2"
"317","Nissan","200SX","2.0L Turbo Inline-4","1998 cc","200 HP","225 km/h","7.0 sec","$25,000 ","Petrol","4","260 Nm","Coupe","25","15.9"
"318","Porsche","Panamera Platinum Edition","2.9L V6 Twin Turbo","2894 cc","330 HP","270 km/h","5.4 sec","$102,000 ","Petrol","4","450 Nm","Sedan","21","23.7"
"319","Porsche","Panamera E-Hybrid","2.9L V6 + Electric Motor","17.9 kWh Battery","455 HP","280 km/h","4.4 sec","$115,000 ","Hybrid","4","700 Nm","Sedan","23","23.7"
"320","Porsche","Panamera 4 E-Hybrid Sport Turismo","2.9L V6 + Electric Motor","17.9 kWh Battery","455 HP","280 km/h","4.4 sec","$120,000 ","Hybrid","4","700 Nm","Sedan","23","23.7"
"321","Porsche","Panamera Turbo S E-Hybrid","4.0L V8 + Electric Motor","17.9 kWh Battery","690 HP","315 km/h","3.2 sec","$190,000 ","Hybrid","4","870 Nm","Sedan","20","23.7"
"322","Porsche","Panamera 4 Executive","2.9L V6 Twin Turbo","2894 cc","330 HP","270 km/h","5.6 sec","$95,000 ","Petrol","4","450 Nm","Sedan","21","23.7"
"323","Porsche","Cayenne","3.0L V6 Turbo","2995 cc","335 HP","245 km/h","5.9 sec","$80,000 ","Petrol","5","450 Nm","SUV","20","23.7"
"324","Porsche","Cayenne Coupe","3.0L V6 Turbo","2995 cc","335 HP","245 km/h","6.0 sec","$85,000 ","Petrol","5","450 Nm","Coupe","20","23.7"
"325","Porsche","Cayenne S","2.9L V6 Twin Turbo","2894 cc","434 HP","265 km/h","5.0 sec","$95,000 ","Petrol","5","550 Nm","SUV","19","23.7"
"326","Porsche","Cayenne Turbo","4.0L V8 Twin Turbo","3996 cc","541 HP","286 km/h","4.0 sec","$130,000 ","Petrol","5","770 Nm","SUV","17","23.7"
"327","Porsche","Cayenne GTS","4.0L V8 Twin Turbo","3996 cc","453 HP","270 km/h","4.5 sec","$110,000 ","Petrol","5","620 Nm","Coupe","18","23.7"
"328","Porsche","Cayenne Turbo S E-Hybrid","4.0L V8 + Electric Motor","17.9 kWh Battery","670 HP","295 km/h","3.6 sec","$170,000 ","Hybrid","5","900 Nm","SUV","19","23.7"
"329","Porsche","911 Carrera 4","3.0L Twin-Turbo Flat-6","2981 cc","379 hp","293 km/h","4.2","$106,500 ","Petrol","4","450 Nm","Coupe","22","16.9"
"330","Porsche","911 Carrera 4S","3.0L Twin-Turbo Flat-6","2981 cc","443 hp","306 km/h","3.4","$113,300 ","Petrol","4","528 Nm","Coupe","21","16.9"
"331","Porsche","911 Targa 4","3.0L Twin-Turbo Flat-6","2981 cc","379 hp","289 km/h","4.4","$121,300 ","Petrol","4","450 Nm","Convertible","21","16.9"
"332","Porsche","911 Turbo","3.8L Twin-Turbo Flat-6","3745 cc","572 hp","320 km/h","2.7","$197,200 ","Petrol","4","750 Nm","Coupe","18","17.6"
"333","Porsche","911 Turbo S","3.8L Twin-Turbo Flat-6","3745 cc","640 hp","330 km/h","2.6","$230,400 ","Petrol","4","800 Nm","Coupe","17","17.6"
"334","Porsche","911 GT3","4.0L Naturally Aspirated Flat-6","3996 cc","502 hp","318 km/h","3.4","$161,100 ","Petrol","2","469 Nm","Coupe","16","17.6"
"335","Porsche","911 GT3 RS","4.0L Naturally Aspirated Flat-6","3996 cc","518 hp","296 km/h","3.2","$241,300 ","Petrol","2","465 Nm","Coupe","15","17.6"
"336","Porsche","911 Dakar","3.0L Twin-Turbo Flat-6","2981 cc","473 hp","240 km/h","3.4","$222,000 ","Petrol","2","570 Nm","Coupe","17","17.6"
"337","Porsche","Taycan","Dual Electric Motors","79.2 kWh","402 hp","230 km/h","5.4","$86,700 ","Electric","4","344 Nm","Sedan","0","0"
"338","Porsche","Taycan 4S","Dual Electric Motors","79.2 kWh","522 hp","250 km/h","4","$103,800 ","Electric","4","640 Nm","Sedan","0","0"
"339","Porsche","Taycan Turbo","Dual Electric Motors","93.4 kWh","670 hp","260 km/h","3.2","$150,900 ","Electric","4","850 Nm","Sedan","0","0"
"340","Porsche","Taycan Turbo S","Dual Electric Motors","93.4 kWh","750 hp","260 km/h","2.8","$185,000 ","Electric","4","1050 Nm","Sedan","0","0"
"341","Porsche","Taycan GTS","Dual Electric Motors","93.4 kWh","590 hp","250 km/h","3.5","$132,750 ","Electric","4","850 Nm","Sedan","0","0"
"342","Porsche","Taycan Cross Turismo","Dual Electric Motors","93.4 kWh","469 hp","220 km/h","4.8","$97,700 ","Electric","5","500 Nm","Van","0","0"
"343","Porsche","Taycan Sport Turismo","Dual Electric Motors","79.2 kWh","509 hp","240 km/h","4.1","$104,000 ","Electric","5","650 Nm","Van","0","0"
"344","Porsche","718 Cayman GT4","4.0L Naturally Aspirated Flat-6","3995 cc","414 hp","302 km/h","4.2","$100,200 ","Petrol","2","420 Nm","Coupe","19","16.9"
"345","Porsche","718 Cayman GT4 RS","4.0L Naturally Aspirated Flat-6","3996 cc","493 hp","315 km/h","3.2","$141,700 ","Petrol","2","450 Nm","Coupe","17","16.9"
"346","Porsche","718 Boxster","2.0L Turbo Flat-4","1988 cc","300 hp","275 km/h","4.9","$65,500 ","Petrol","2","380 Nm","Convertible","24","16.9"
"347","Porsche","718 Boxster T","2.0L Turbo Flat-4","1988 cc","300 hp","275 km/h","4.7","$69,600 ","Petrol","2","380 Nm","Convertible","23","16.9"
"348","Porsche","718 Boxster GTS","4.0L Naturally Aspirated Flat-6","3995 cc","394 hp","293 km/h","4.3","$90,300 ","Petrol","2","430 Nm","Convertible","21","16.9"
"349","Porsche","718 Spyder","4.0L Naturally Aspirated Flat-6","3995 cc","414 hp","301 km/h","4.1","$98,300 ","Petrol","2","420 Nm","Convertible","20","16.9"
"350","Porsche","Panamera Base","2.9L Twin-Turbo V6","2894 cc","325 hp","265 km/h","5.6","$92,300 ","Petrol","4","450 Nm","Sedan","21","23.7"
"351","Porsche","Panamera 4 E-Hybrid","2.9L Twin-Turbo V6 + Electric Motor","2894 cc","462 hp","280 km/h","4.4","$113,300 ","Hybrid","4","700 Nm","Sedan","23","23.7"
"352","Porsche","Panamera 4S ","2.9L Twin-Turbo V6","2894 cc","443 hp","289 km/h","4.1","$105,000 ","Petrol","4","550 Nm","Sedan","20","23.7"
"353","Porsche","Macan Base","2.0L Turbo Inline-4","1984 cc","265 hp","232 km/h","6.4","$58,000 ","Petrol","5","400 Nm","SUV","21","19.8"
"354","Porsche","Macan T","2.0L Turbo Inline-4","1984 cc","265 hp","233 km/h","6.2","$63,000 ","Petrol","5","400 Nm","SUV","21","19.8"
"355","Porsche","Cayenne S Hybrid","3.0L V6 + Electric Motor","2995 cc","380 hp","242 km/h","6.5","$85,500 ","Hybrid","5","580 Nm","SUV","22","23.7"
"356","Porsche","Cayenne Coupe Turbo E-Hybrid","4.0L Twin-Turbo V8 + Electric Motor","3996 cc","728 hp","295 km/h","3.6","$182,900 ","Hybrid","4","950 Nm","SUV","19","23.7"
"357","Porsche","Taycan Base","Dual Electric Motors","79.2 kWh","321 hp","230 km/h","5.4","$86,700 ","Electric","4","345 Nm","Sedan","0","0"
"358","Cadillac","CT4","2.0L Turbo Inline-4 Gasoline","2000 cc","237 hp","250 km/h","6.0 sec","$34,395 ","Petrol","5","350 Nm","Sedan","27","17"
"359","Cadillac","CT4-V","2.7L Turbo Inline-4 Gasoline","2700 cc","325 hp","260 km/h","4.9 sec","$46,595 ","Petrol","5","500 Nm","Sedan","23","17"
"360","Porsche","911 Carrera 4 GTS","3.0L Twin-Turbo Flat-6","2981 cc","473 hp","311 km/h","3.3 sec","$137,000 ","Petrol","4","570 Nm","Coupe","20","16.9"
"361","Porsche","911 Targa 4 GTS","3.0L Twin-Turbo Flat-6","2981 cc","473 hp","307 km/h","3.5 sec","$157,300 ","Petrol","4","570 Nm","Convertible","20","16.9"
"362","Porsche","911 Turbo Cabriolet","3.8L Twin-Turbo Flat-6","3745 cc","572 hp","320 km/h","2.9 sec","$184,100 ","Petrol","4","750 Nm","Convertible","17","17.6"
"363","Porsche","911 Turbo S Coupe","3.8L Twin-Turbo Flat-6","3745 cc","640 hp","330 km/h","2.7 sec","$207,000 ","Petrol","4","800 Nm","Coupe","17","17.6"
"364","Porsche","911 GT3 Touring","4.0L Naturally Aspirated Flat-6","3996 cc","502 hp","318 km/h","3.9 sec","$170,000 ","Petrol","2","470 Nm","Coupe","16","17.6"
"365","Porsche","911 GT3 RS Clubsport","4.0L Naturally Aspirated Flat-6","3996 cc","525 hp","296 km/h","3.2 sec","$223,800 ","Petrol","2","465 Nm","Coupe","15","17.6"
"366","Porsche","911 Dakar Limited Edition","3.0L Twin-Turbo Flat-6","2981 cc","473 hp","240 km/h","3.4 sec","$222,000 ","Petrol","4","570 Nm","Coupe","17","17.6"
"367","Porsche","911 Carrera GTS Lightweight","3.0L Twin-Turbo Flat-6","2981 cc","473 hp","311 km/h","3.2 sec","$145,300 ","Petrol","4","570 Nm","Coupe","20","16.9"
"368","Porsche","911 Targa 4 Lightweight","3.0L Twin-Turbo Flat-6","2981 cc","379 hp","289 km/h","4.3 sec","$135,500 ","Petrol","4","450 Nm","Convertible","20","16.9"
"369","Porsche","911 Turbo Exclusive Series","3.8L Twin-Turbo Flat-6","3745 cc","607 hp","330 km/h","2.9 sec","$258,000 ","Petrol","4","750 Nm","Coupe","17","17.6"
"370","Porsche","911 GT2 RS","3.8L Twin-Turbo Flat-6","3745 cc","700 hp","340 km/h","2.8 sec","$293,200 ","Petrol","2","750 Nm","Coupe","15","17.6"
"371","Porsche","911 GT3 Cup","4.0L Naturally Aspirated Flat-6","3996 cc","510 hp","290 km/h","3.4 sec","$245,000 ","Petrol","1","470 Nm","Coupe","12","17.6"
"372","Porsche","911 GT4 RS","4.0L Naturally Aspirated Flat-6","3996 cc","500 hp","315 km/h","3.4 sec","$222,000 ","Petrol","2","450 Nm","Coupe","17","16.9"
"373","Porsche","911 RSR (Motorsport Edition)","4.2L Naturally Aspirated Flat-6","4194 cc","515 hp","296 km/h","3.1 sec","$750,000 ","Petrol","1","480 Nm","Coupe","10","17.6"
"374","Porsche","911 Sport Turismo","3.0L Twin-Turbo Flat-6","2981 cc","379 hp","293 km/h","4.4 sec","$116,000 ","Petrol","4","450 Nm","Wagon","21","16.9"
"375","Porsche","911 Turbo Cabriolet Lightweight","3.8L Twin-Turbo Flat-6","3745 cc","572 hp","318 km/h","3.0 sec","$191,300 ","Petrol","4","750 Nm","Convertible","17","17.6"
"376","Porsche","911 Dakar Sport","3.0L Twin-Turbo Flat-6","2981 cc","473 hp","240 km/h","3.5 sec","$233,000 ","Petrol","4","570 Nm","Coupe","17","17.6"
"377","Tesla","Model S","Dual Electric Motors","100 kWh","670 hp","250 km/h","3.1 sec","$88,490 ","Electric","5","967 Nm","Sedan","0","0"
"378","Tesla","Model S Plaid","Tri Electric Motors","100 kWh","1,020 hp","322 km/h","2.1 sec","$108,490 ","Electric","5","1,400 Nm","Sedan","0","0"
"379","Tesla","Model 3","Single Electric Motor (RWD)","60 kWh","283 hp","225 km/h","5.8 sec","$40,240 ","Electric","5","420 Nm","Sedan","0","0"
"380","Tesla","Model 3 Performance","Dual Electric Motors (AWD)","82 kWh","450 hp","261 km/h","3.1 sec","$53,240 ","Electric","5","660 Nm","SUV","0","0"
"381","Tesla","Model X","Dual Electric Motors (AWD)","100 kWh","670 hp","250 km/h","3.8 sec","$98,490 ","Electric","7","967 Nm","SUV","0","0"
"382","Tesla","Model X Plaid","Tri Electric Motors","100 kWh","1,020 hp","262 km/h","2.6 sec","$113,490 ","Electric","6","1,400 Nm","SUV","0","0"
"383","Tesla","Model Y","Single Electric Motor (RWD)","75 kWh","346 hp","217 km/h","5.0 sec","$47,490 ","Electric","5","498 Nm","SUV","0","0"
"384","Tesla","Model Y Long Range","Dual Electric Motors (AWD)","82 kWh","384 hp","217 km/h","4.8 sec","$50,490 ","Electric","5","559 Nm","Truck","0","0"
"385","Tesla","Cybertruck","Tri Electric Motors","200 kWh","800 hp","209 km/h","2.9 sec","$69,900 ","Electric","6","1,355 Nm","Coupe","0","0"
"386","Tesla","Roadster 2","Quad Electric Motors","200 kWh","1,288 hp","402 km/h","1.9 sec","$200,000 ","Electric","4","10,000 Nm","SUV","0","0"
"387","Jeep","Wrangler","3.6L V6 Pentastar Gasoline","3600 cc","285 hp","180 km/h","6.8 sec","$35,195 ","Petrol","4","353 Nm","SUV","20","17.5"
"388","Jeep","Wrangler Rubicon","2.0L Turbo I4 Gasoline","2000 cc","270 hp","180 km/h","7.1 sec","$42,100 ","Petrol","4","400 Nm","SUV","18","17.5"
"389","Jeep","Grand Cherokee","3.6L V6 Pentastar Gasoline","3600 cc","293 hp","209 km/h","7.0 sec","$41,530 ","Petrol","5","352 Nm","SUV","21","23"
"390","Jeep","Grand Cherokee L","3.6L V6 Pentastar Gasoline","3600 cc","293 hp","209 km/h","7.2 sec","$43,530 ","Petrol","7","352 Nm","SUV","20","23"
"391","Jeep","Cherokee","2.4L I4 Tigershark Gasoline","2400 cc","180 hp","195 km/h","8.5 sec","$37,695 ","Petrol","5","230 Nm","SUV","24","15.8"
"392","Jeep","Compass","2.0L Turbo Gasoline","2000 cc","200 hp","200 km/h","7.8 sec","$31,590 ","Petrol","5","320 Nm","SUV","27","13.5"
"393","Jeep","Renegade","1.3L Turbo I4 Gasoline","1300 cc","177 hp","200 km/h","8.7 sec","$28,345 ","Petrol","5","285 Nm","Truck","26","12.7"
"394","Jeep","Gladiator","3.6L V6 Pentastar Gasoline","3600 cc","285 hp","177 km/h","8.1 sec","$38,775 ","Petrol","5","353 Nm","SUV","19","22"
"395","Jeep","Wagoneer","5.7L V8 Gasoline with eTorque","5700 cc","392 hp","190 km/h","7.4 sec","$63,595 ","Petrol","8","548 Nm","SUV","17","26.5"
"396","Mazda","Mazda2","1.5L 4-Cylinder","1,500 cc","108 hp","180 km/h","10.2 sec","$17,000 ","Petrol","5","142 Nm","SUV","32","11.3"
"397","Jeep","Wagoneer S (Electric)","Dual Electric Motors","100 kWh","600 hp","177 km/h","4.5 sec","$80,000 ","Electric","5","850 Nm","Truck","0","0"
"398","Jeep","Gladiator Mojave Edition","3.6L V6 Pentastar Gasoline","3600 cc","285 hp","177 km/h","8.6 sec","$51,570 ","Petrol","5","353 Nm","SUV","18","22"
"399","Jeep","Grand Cherokee Summit Reserve","5.7L V8 Gasoline","5700 cc","357 hp","190 km/h","7.3 sec","$66,575 ","Petrol","5","529 Nm","SUV","21","23"
"400","Jeep","Jeep Cherokee X Edition","3.2L V6 Pentastar Gasoline","3200 cc","271 hp","195 km/h","7.6 sec","$41,295 ","Petrol","5","324 Nm","SUV","23","15.8"
"401","Jeep","Wrangler 392","6.4L V8 HEMI Gasoline","6400 cc","470 hp","160 km/h","4.5 sec","$82,495 ","Petrol","4","637 Nm","SUV","14","21.5"
"402","Cadillac","XT4","2.0L Turbo Inline-4 Gasoline","2000 cc","235 hp","220 km/h","7.6 sec","$37,490 ","Petrol","5","350 Nm","SUV","26","15.9"
"403","Cadillac","XT5","3.6L V6 Gasoline","3600 cc","310 hp","210 km/h","6.5 sec","$44,195 ","Petrol","5","366 Nm","SUV","22","19"
"404","Cadillac","XT6","3.6L V6 Gasoline","3600 cc","310 hp","210 km/h","6.9 sec","$48,595 ","Petrol","7","366 Nm","SUV","21","19"
"405","Cadillac","Lyriq EV","Single Electric Motor","100 kWh","340 hp","190 km/h","5.7 sec","$58,590 ","Electric","5","440 Nm","SUV","0","0"
"406","Cadillac","Escalade V","6.2L Supercharged V8 Gasoline","6200 cc","682 hp","200 km/h","4.4 sec","$149,990 ","Petrol","7","885 Nm","SUV","13","24"
"407","Cadillac","Escalade Platinum","6.2L V8 Gasoline","6200 cc","420 hp","210 km/h","6.8 sec","$104,595 ","Petrol","7","624 Nm","Sedan","15","24"
"408","Cadillac","CT5-V Blackwing","6.2L Supercharged V8 Gasoline","6200 cc","668 hp","320 km/h","3.4 sec","$92,000 ","Petrol","5","893 Nm","Sedan","15","17"
"409","Cadillac","CT4-V Blackwing","3.6L Twin-Turbo V6 Gasoline","3600 cc","472 hp","290 km/h","3.9 sec","$60,495 ","Petrol","5","603 Nm","SUV","18","17"
"410","Cadillac","XT4 Sport","2.0L Turbo Inline-4 Gasoline","2000 cc","235 hp","220 km/h","7.4 sec","$41,390 ","Petrol","5","350 Nm","SUV","26","15.9"
"411","Cadillac","XT5 Sport","3.6L V6 Gasoline","3600 cc","310 hp","210 km/h","6.5 sec","$51,095 ","Petrol","5","366 Nm","SUV","22","19"
"412","Cadillac","XT6 Sport","3.6L V6 Gasoline","3600 cc","310 hp","210 km/h","6.9 sec","$57,095 ","Petrol","7","366 Nm","SUV","21","19"
"413","Cadillac","Lyriq Launch Edition","Single Electric Motor","100 kWh","340 hp","190 km/h","5.7 sec","$59,990 ","Electric","5","440 Nm","SUV","0","0"
"414","Cadillac","Lyriq EV Premium","Dual Electric Motors","100 kWh","500 hp","210 km/h","4.5 sec","$64,990 ","Electric","5","620 Nm","Sedan","0","0"
"415","Cadillac","CT5 Premium Luxury","2.0L Turbo Inline-4 Gasoline","2000 cc","237 hp","240 km/h","6.8 sec","$41,290 ","Petrol","5","350 Nm","Hatchback","27","17"
"416","Chevrolet","Spark","1.4L Inline-4 Gasoline","1400 cc","98 hp","180 km/h","10.7 sec","$14,595 ","Petrol","5","127 Nm","Hatchback","33","9"
"417","Chevrolet","Sonic","1.4L Turbo Inline-4 Gasoline","1400 cc","138 hp","190 km/h","8.5 sec","$16,720 ","Petrol","5","200 Nm","Sedan","29","12.2"
"418","Chevrolet","Malibu","1.5L Turbo Inline-4 Gasoline","1500 cc","160 hp","210 km/h","8.0 sec","$25,000 ","Petrol","5","250 Nm","Coupe","30","15.8"
"419","Chevrolet","Camaro","2.0L Turbo Inline-4 Gasoline","2000 cc","275 hp","240 km/h","5.4 sec","$26,400 ","Petrol","4","400 Nm","Coupe","25","19"
"420","Chevrolet","Corvette","6.2L V8 Gasoline","6200 cc","495 hp","312 km/h","3.0 sec","$65,895 ","Petrol","2","637 Nm","SUV","19","18.5"
"421","Chevrolet","Traverse","3.6L V6 Gasoline","3600 cc","310 hp","210 km/h","7.0 sec","$35,915 ","Petrol","7","360 Nm","SUV","20","19.4"
"422","Chevrolet","Equinox","1.5L Turbo Inline-4 Gasoline","1500 cc","170 hp","200 km/h","8.9 sec","$26,600 ","Petrol","5","275 Nm","SUV","28","15.6"
"423","Chevrolet","Blazer","3.6L V6 Gasoline","3600 cc","308 hp","220 km/h","6.6 sec","$44,000 ","Petrol","5","366 Nm","SUV","22","19.4"
"424","Chevrolet","Tahoe","5.3L V8 Gasoline","5300 cc","355 hp","200 km/h","7.5 sec","$56,995 ","Petrol","7","519 Nm","SUV","17","24"
"425","Chevrolet","Suburban","5.3L V8 Gasoline","5300 cc","355 hp","190 km/h","7.6 sec","$59,900 ","Petrol","8","519 Nm","Truck","17","28"
"426","Chevrolet","Colorado","2.7L Turbo Inline-4 Gasoline","2700 cc","310 hp","190 km/h","6.8 sec","$30,695 ","Petrol","5","583 Nm","Truck","21","21"
"427","Chevrolet","Silverado 1500","5.3L V8 Gasoline","5300 cc","355 hp","180 km/h","7.0 sec","$42,795 ","Petrol","6","519 Nm","Truck","17","24"
"428","Chevrolet","Silverado 2500HD","6.6L V8 Gasoline","6600 cc","401 hp","170 km/h","8.0 sec","$41,500 ","Petrol","6","629 Nm","Truck","14","36"
"429","Chevrolet","Camaro SS","6.2L V8 Gasoline","6200 cc","455 hp","290 km/h","4.3 sec","$43,500 ","Petrol","4","617 Nm","Coupe","18","19"
"430","Chevrolet","Corvette Grand Sport","6.2L V8 Gasoline","6200 cc","460 hp","290 km/h","3.9 sec","$65,900 ","Petrol","2","630 Nm","SUV","19","18.5"
"431","Chevrolet","Traverse RS","3.6L V6 Gasoline","3600 cc","310 hp","210 km/h","7.0 sec","$43,700 ","Petrol","7","360 Nm","SUV","20","19.4"
"432","Chevrolet","Blazer Premier","3.6L V6 Gasoline","3600 cc","308 hp","220 km/h","6.6 sec","$45,000 ","Petrol","5","366 Nm","Sedan","22","19.4"
"433","Chevrolet","Malibu LT","1.5L Turbo Inline-4 Gasoline","1500 cc","160 hp","210 km/h","8.5 sec","$25,800 ","Petrol","5","250 Nm","Hatchback","30","15.8"
"434","Chevrolet","Spark Activ","1.4L Inline-4 Gasoline","1400 cc","98 hp","180 km/h","11.0 sec","$17,595 ","Petrol","5","127 Nm","SUV","33","9"
"435","Chevrolet","Trax LT","1.2L Turbo Inline-3 Gasoline","1200 cc","137 hp","200 km/h","9.2 sec","$24,100 ","Petrol","5","220 Nm","SUV","30","13.2"
"436","GMC","Terrain","1.5L Turbo 4-cylinder","1500 cc","175 hp","190 km/h","9.5 sec","$29,900 ","Petrol","5","275 Nm","SUV","23","19"
"437","GMC","Acadia","2.0L Turbo 4-cylinder","2000 cc","228 hp","200 km/h","7.8 sec","$36,800 ","Petrol","7","350 Nm","SUV","17","24"
"438","GMC","Yukon","5.3L V8 Gasoline","5300 cc","355 hp","180 km/h","7.4 sec","$57,400 ","Petrol","8","519 Nm","SUV","16","28"
"439","GMC","Yukon XL","6.2L V8 Gasoline","6200 cc","420 hp","200 km/h","6.9 sec","$61,100 ","Petrol","8","624 Nm","Truck","21","21"
"440","GMC","Canyon","2.7L Turbo 4-cylinder","2700 cc","310 hp","190 km/h","7.6 sec","$36,900 ","Petrol","5","583 Nm","Truck","17","24"
"441","GMC","Sierra 1500","5.3L V8 Gasoline","5300 cc","355 hp","180 km/h","7.3 sec","$37,100 ","Petrol","6","519 Nm","Truck","14","36"
"442","GMC","Sierra 2500HD","6.6L V8 Diesel","6600 cc","401 hp","175 km/h","7.5 sec","$43,900 ","Diesel","6","629 Nm","Truck","14","36"
"443","GMC","Sierra 3500HD","6.6L V8 Diesel","6600 cc","445 hp","175 km/h","7.4 sec","$49,000 ","Diesel","6","1234 Nm","Truck","16","34"
"444","GMC","Hummer EV Pickup","Dual-Motor Electric","212 kWh","625 hp","170 km/h","3.0 sec","$108,700 ","Electric","5","1000+ Nm","SUV","0","0"
"445","GMC","Hummer EV SUV","Dual-Motor Electric","212 kWh","625 hp","170 km/h","3.5 sec","$105,600 ","Electric","5","1000+ Nm","SUV","0","0"
"446","GMC","Yukon Denali","6.2L V8 Gasoline","6200 cc","420 hp","200 km/h","6.8 sec","$72,800 ","Petrol","8","624 Nm","Truck","16","24"
"447","GMC","Sierra Denali","6.2L V8 Gasoline","6200 cc","420 hp","190 km/h","6.7 sec","$66,800 ","Petrol","6","624 Nm","SUV","26","15.6"
"448","GMC","Terrain AT4","1.5L Turbo 4-cylinder","1500 cc","175 hp","190 km/h","9.6 sec","$36,500 ","Petrol","5","275 Nm","SUV","21","19"
"449","GMC","Acadia AT4","3.6L V6 Gasoline","3600 cc","310 hp","210 km/h","7.6 sec","$41,400 ","Petrol","6","366 Nm","Truck","16","24"
"450","GMC","Sierra 1500 AT4","5.3L V8 Gasoline","5300 cc","355 hp","180 km/h","7.4 sec","$53,800 ","Petrol","6","519 Nm","Truck","14","36"
"451","GMC","Sierra 2500HD Denali","6.6L V8 Diesel","6600 cc","401 hp","175 km/h","7.5 sec","$72,200 ","Diesel","6","1234 Nm","Truck","21","24"
"452","GMC","Sierra Elevation","2.7L Turbo 4-cylinder","2700 cc","310 hp","190 km/h","7.6 sec","$45,000 ","Petrol","5","583 Nm","Truck","21","21"
"453","GMC","Canyon AT4","2.7L Turbo 4-cylinder","2700 cc","310 hp","190 km/h","7.5 sec","$43,900 ","Petrol","5","583 Nm","Truck","21","21"
"454","GMC","Canyon Denali","2.7L Turbo 4-cylinder","2700 cc","310 hp","190 km/h","7.5 sec","$48,000 ","Petrol","5","583 Nm","SUV","16","28"
"455","GMC","Yukon XL Denali Ultimate","6.2L V8 Gasoline","6200 cc","420 hp","200 km/h","6.7 sec","$93,800 ","Petrol","8","624 Nm","SUV","26","15.6"
"456","GMC","Terrain Denali","1.5L Turbo 4-cylinder","1500 cc","175 hp","190 km/h","9.5 sec","$38,600 ","Petrol","5","275 Nm","SUV","21","19"
"457","GMC","Hummer EV Pickup Edition 1","Electric motors with up to 11,500 lb-ft torque","200 kWh","Up to 1,000 hp","170 km/h","3.0 sec","$96,550 ","Electric","5","15,590 Nm","Truck","0","0"
"458","GMC","Sierra Denali CarbonPro","6.2L V8 engine","6,162 cc","420 hp","200 km/h","5.8 sec","$65,000 ","Petrol","5","624 Nm","SUV","16","24"
"459","GMC","Yukon Denali Performance","6.2L V8 engine","6,162 cc","420 hp","210 km/h","6.0 sec","$76,805 ","Petrol","8","624 Nm","Truck","14","36"
"460","GMC","Sierra 2500HD Denali Black Edition","6.6L V8 engine","6,600 cc","401 hp","170 km/h","7.5 sec","$75,000 ","Petrol","5","629 Nm","Truck","20","21"
"461","GMC","Canyon AT4X","3.6L V6 engine","3,564 cc","308 hp","180 km/h","6.9 sec","$50,000 ","Petrol","5","373 Nm","SUV","17","28"
"462","GMC","Yukon XL SLT","5.3L V8 engine","5,327 cc","355 hp","210 km/h","7.3 sec","$65,000 ","Petrol","8","519 Nm","Truck","17","24"
"463","Kia","Rio","1.6L 4-Cylinder","1591 cc","120 hp","180 km/h","10.3 sec","$17,000 ","Petrol","5","151 Nm","Hatchback","36","11.9"
"464","Kia","Rio 5-Door","1.6L 4-Cylinder","1591 cc","120 hp","180 km/h","10.3 sec","$18,000 ","Petrol","5","151 Nm","SUV","27","13.2"
"465","Kia","Seltos Nightfall Edition","1.6L Turbocharged 4-Cylinder","1591 cc","175 hp","210 km/h","7.5 sec","$28,000 ","Petrol","5","264 Nm","Sedan","25","18.1"
"466","Peugeot","508 PSE (Peugeot Sport Engineered)","Hybrid I4 + Electric Motor","1,599 cc (petrol) + Electric Motor","360 hp","250 km/h","5.2 sec","$55,000 ","Hybrid","5","520 Nm","SUV","24","17.7"
"467","Kia","Sorento X-Line","2.5L Turbocharged 4-Cylinder","2500 cc","277 hp","220 km/h","7.0 sec","$42,000 ","Petrol","7","421 Nm","SUV","21","18.8"
"468","Kia","Telluride SX","3.8L V6","3778 cc","291 hp","240 km/h","7.0 sec","$50,000 ","Petrol","7","355 Nm","Sedan","34","14"
"469","Kia","Forte LXS","2.0L 4-Cylinder","1999 cc","147 hp","190 km/h","9.2 sec","$19,000 ","Petrol","5","179 Nm","Sedan","31","15.8"
"470","Kia","K5 EX","1.6L Turbocharged 4-Cylinder","1591 cc","180 hp","220 km/h","7.8 sec","$28,500 ","Petrol","5","264 Nm","SUV","105","11.1"
"471","Kia","Niro Plug-In Hybrid","1.6L 4-Cylinder Hybrid","1591 cc","139 hp","180 km/h","10.5 sec","$33,000 ","Hybrid","5","265 Nm","SUV","105","11.1"
"472","Kia","EV6 Wind","Electric Motor","77.4 kWh","225 hp","190 km/h","5.2 sec","$50,000 ","Electric","5","350 Nm","Hatchback","0","0"
"473","Bugatti","Chiron","8.0L Quad-Turbo W16","7993 cc","1500 hp","420 km/h","2.5 sec","$3,000,000 ","Petrol","2","1600 Nm","Coupe","9","26.4"
"474","Bugatti","Chiron Pur Sport","8.0L Quad-Turbo W16","7993 cc","1500 hp","350 km/h","2.3 sec","$3,300,000 ","Petrol","2","1600 Nm","Coupe","9","26.4"
"475","Bugatti","Chiron Super Sport","8.0L Quad-Turbo W16","7993 cc","1600 hp","490 km/h","2.4 sec","$3,500,000 ","Petrol","2","1600 Nm","Coupe","9","26.4"
"476","Bugatti","Chiron Sport","8.0L Quad-Turbo W16","7993 cc","1500 hp","420 km/h","2.4 sec","$3,300,000 ","Petrol","2","1600 Nm","Coupe","9","26.4"
"477","Bugatti","Chiron Noire","8.0L Quad-Turbo W16","7993 cc","1500 hp","420 km/h","2.5 sec","$3,300,000 ","Petrol","2","1600 Nm","Coupe","9","26.4"
"478","Bugatti","Divo","8.0L Quad-Turbo W16","7993 cc","1500 hp","380 km/h","2.4 sec","$5,800,000 ","Petrol","2","1600 Nm","Coupe","9","26.4"
"479","Bugatti","Centodieci","8.0L Quad-Turbo W16","7993 cc","1600 hp","380 km/h","2.4 sec","$9,000,000 ","Petrol","2","1600 Nm","Coupe","9","26.4"
"480","Bugatti","La Voiture Noire","8.0L Quad-Turbo W16","7993 cc","1500 hp","420 km/h","2.5 sec","$18,000,000 ","Petrol","2","1600 Nm","Coupe","9","26.4"
"481","Bugatti","Bolide","8.0L Quad-Turbo W16","7993 cc","1850 hp","500 km/h","2.2 sec","$4,500,000 ","Petrol","2","1600 Nm","Convertible","",""
"482","Bugatti","Mistral","8.0L Quad-Turbo W16","7993 cc","1600 hp","420 km/h","2.4 sec","$5,000,000 ","Petrol","2","1600 Nm","Truck","10","26"
"483","Jaguar Land Rover","Jaguar F-Type","V6 / V8 Petrol","2995 cc (V6)","335 hp","260 km/h","5.1 sec","$70,000 ","Petrol","2","450 Nm","Sedan","20","16"
"484","Jaguar Land Rover","Jaguar XE","I4 Petrol","1999 cc (I4)","250 hp","250 km/h","6.5 sec","$45,000 ","Petrol","5","365 Nm","Sedan","28","16"
"485","Jaguar Land Rover","Jaguar XF","I4 Petrol","1999 cc (I4)","250 hp","250 km/h","6.5 sec","$50,000 ","Petrol","5","365 Nm","Sedan","27","19"
"486","Jaguar Land Rover","Jaguar F-Type V8 R","V8 Petrol","5000 cc (V8)","550 hp","300 km/h","3.9 sec","$100,000 ","Petrol","2","680 Nm","Coupe","18","16"
"487","Jaguar Land Rover","Jaguar F-Type R-Dynamic","I4 Petrol / V6 Petrol","1999 cc (I4) / 2995 cc (V6)","300 hp","250 km/h","5.1 sec","$70,000 ","Petrol","2","400 Nm","Sedan","24","16"
"488","Jaguar Land Rover","Jaguar XE P300 R-Dynamic","I4 Petrol","1999 cc (I4)","300 hp","250 km/h","5.5 sec","$55,000 ","Petrol","5","400 Nm","Wagon","25","16"
"489","Jaguar Land Rover","Jaguar XF Sportbrake","I4 Petrol / V6 Petrol","1999 cc (I4) / 2995 cc (V6)","250 hp","250 km/h","6.5 sec","$60,000 ","Petrol","5","400 Nm","SUV","24","19"
"490","Jaguar Land Rover","Jaguar I-PACE EV400 HSE","Electric (Dual Motor)","90 kWh (Battery)","400 hp","200 km/h","4.5 sec","$85,000 ","Electric","5","696 Nm","SUV","0","0"
"491","Jaguar Land Rover","Jaguar F-PACE S 30t AWD","I4 Petrol","1999 cc (I4)","247 hp","225 km/h","6.4 sec","$60,000 ","Petrol","5","365 Nm","SUV","23","21"
"492","Jaguar Land Rover","Jaguar E-PACE R-Dynamic","I4 Petrol","1999 cc (I4)","246 hp","230 km/h","6.8 sec","$55,000 ","Petrol","5","430 Nm","Sedan","23","18"
"493","Jaguar Land Rover","Jaguar XJ50","V6 Petrol","2995 cc (V6)","300 hp","250 km/h","6.0 sec","$80,000 ","Petrol","5","400 Nm","Coupe","20","21"
"494","Jaguar Land Rover","Jaguar F-Type 75th Anniversary Edition","V8 Petrol","5000 cc (V8)","550 hp","300 km/h","3.9 sec","$100,000 ","Petrol","2","680 Nm","SUV","18","16"
"495","Jaguar Land Rover","Jaguar F-PACE S AWD","I4 Petrol / V6 Petrol","1999 cc (I4) / 2995 cc (V6)","340 hp","250 km/h","5.4 sec","$65,000 ","Petrol","5","480 Nm","Sedan","23","21"
"496","Jaguar Land Rover","Jaguar XE SE","I4 Petrol","1999 cc (I4)","250 hp","240 km/h","6.2 sec","$50,000 ","Petrol","5","365 Nm","Convertible","28","16"
"497","Jaguar Land Rover","Jaguar F-Type V6 S Convertible","V6 Petrol","2995 cc (V6)","380 hp","280 km/h","4.8 sec","$80,000 ","Petrol","2","460 Nm","Sedan","20","16"
"498","Jaguar Land Rover","Jaguar XE R-Sport AWD","I4 Petrol / V6 Petrol","1999 cc (I4) / 2995 cc (V6)","300 hp","250 km/h","5.5 sec","$55,000 ","Petrol","5","400 Nm","Sedan","26","16"
"499","Jaguar Land Rover","Jaguar XF Portfolio AWD","I4 Petrol / V6 Petrol","1999 cc (I4) / 2995 cc (V6)","340 hp","250 km/h","5.4 sec","$60,000 ","Petrol","5","450 Nm","Coupe","26","19"
"500","Jaguar Land Rover","Jaguar F-Type Coupe R","V8 Petrol","5000 cc (V8)","550 hp","300 km/h","3.9 sec","$100,000 ","Petrol","2","680 Nm","SUV","18","16"
"501","Jaguar Land Rover","Jaguar I-PACE First Edition","Electric (Dual Motor)","90 kWh (Battery)","400 hp","200 km/h","4.5 sec","$85,000 ","Electric","5","696 Nm","SUV","0","0"
"502","Jaguar Land Rover","Jaguar F-PACE Prestige AWD","I4 Petrol / V6 Petrol","1999 cc (I4) / 2995 cc (V6)","340 hp","250 km/h","5.4 sec","$65,000 ","Petrol","5","480 Nm","Sedan","23","21"
"503","Acura","NSX Type S","Twin-Turbo V6 Hybrid","3,493 cc (V6)","600 hp","307 km/h","2.9 sec","$157,000 ","Hybrid","2","666 Nm","Sedan","21","15"
"504","Acura","TLX PMC Edition","V6","3,500 cc (V6)","290 hp","250 km/h","5.7 sec","$62,000 ","Petrol","5","362 Nm","SUV","23","17"
"505","Acura","MDX Advance","V6","3,500 cc (V6)","290 hp","190 km/h","6.0 sec","$60,000 ","Petrol","7","362 Nm","SUV","21","19"
"506","Acura","RDX Technology","I4 Turbocharged","1,500 cc (I4)","272 hp","210 km/h","6.6 sec","$45,000 ","Petrol","5","400 Nm","Sedan","24","17"
"507","Acura","ILX Premium","I4","2,400 cc (I4)","201 hp","200 km/h","6.6 sec","$30,000 ","Petrol","5","180 Nm","Sedan","28","13"
"508","Acura","TLX A-Spec","V6","3,500 cc (V6)","290 hp","250 km/h","5.7 sec","$50,000 ","Petrol","5","362 Nm","SUV","23","17"
"509","Acura","RDX SH-AWD","I4 Turbocharged","1,500 cc (I4)","272 hp","210 km/h","6.6 sec","$50,000 ","Petrol","5","400 Nm","SUV","23","17"
"510","Acura","MDX SH-AWD","V6","3,500 cc (V6)","290 hp","190 km/h","6.0 sec","$55,000 ","Petrol","7","362 Nm","SUV","21","19"
"511","Acura","RDX Platinum Elite","I4 Turbocharged","1,500 cc (I4)","272 hp","210 km/h","6.6 sec","$55,000 ","Petrol","5","400 Nm","Sedan","24","17"
"512","Acura","TLX A-Spec Sedan","V6","3,500 cc (V6)","290 hp","250 km/h","5.7 sec","$50,000 ","Petrol","5","362 Nm","Sedan","23","17"
"513","Acura","TLX 2.4L","Inline-4","2,400 cc","206 hp","210 km/h","6.0 sec","$35,000 ","Petrol","5","247 Nm","SUV","28","17"
"514","Acura","MDX Hybrid","V6 Hybrid","3,500 cc","321 hp","190 km/h","6.0 sec","$55,000 ","Hybrid","7","335 Nm","SUV","27","19"
"515","Acura","RDX Hybrid","Inline-4 Hybrid","1,500 cc","247 hp","210 km/h","6.6 sec","$50,000 ","Hybrid","5","400 Nm","Sedan","28","17"
"516","Acura","ILX Technology Package","Inline-4","2,400 cc","201 hp","200 km/h","6.6 sec","$30,000 ","Petrol","5","180 Nm","Coupe","28","13"
"517","Acura","NSX GT3 (Track Version)","Twin-Turbo V6 Hybrid","3,493 cc","500 hp","300 km/h","3.0 sec","$150,000 ","Hybrid","2","600 Nm","SUV","0","0"
"518","Ford","Fusion (Mondeo)","1.5L EcoBoost / 2.0L Hybrid","1,500 - 2,000 cc","160 - 250 hp","220 km/h","7.5 sec","25,000","Petrol","5","200 - 400 Nm","Sedan","28","16"
"519","Ford","Taurus","3.5L V6 / 2.0L EcoBoost","2,000 - 3,500 cc","200 - 365 hp","220 km/h","6.5 sec","$30,000 ","Petrol","5","300 - 500 Nm","Sedan","23","18"
"520","Ford","Fiesta","1.0L EcoBoost / 1.5L","1,000 - 1,500 cc","85 - 200 hp","200 km/h","7.0 sec","$15,000 ","Petrol","5","130 - 290 Nm","Hatchback","32","12"
"521","Ford","Focus","1.0L EcoBoost / 1.5L / 2.0L","1,000 - 2,000 cc","120 - 300 hp","220 km/h","6.5 sec","$20,000 ","Petrol","5","150 - 400 Nm","Hatchback","30","12"
"522","Ford","KA+","1.2L Petrol","1,200 cc","70 - 85 hp","165 km/h","10.5 sec","$12,000 ","Petrol","5","100 - 140 Nm","Hatchback","33","12"
"523","Ford","EcoSport","1.0L Turbo Inline-3 / 2.0L","1,000 - 2,000 cc","123 - 166 hp","180 km/h","9.0 sec","$20,000 ","Petrol","5","170 - 200 Nm","SUV","26","13"
"524","Ford","Escape (Kuga)","1.5L EcoBoost / 2.5L Hybrid","1,500 - 2,500 cc","181 - 200 hp","190 km/h","7.5 sec","$25,000 ","Petrol","5","230 - 200 Nm","SUV","28","15"
"525","Ford","Edge","2.0L EcoBoost / 2.7L V6","2,000 - 2,700 cc","250 - 335 hp","200 km/h","6.5 sec","$35,000 ","Petrol","5","400 - 475 Nm","SUV","23","18"
"526","Ford","Explorer","2.3L EcoBoost / 3.0L V6","2,300 - 3,000 cc","300 - 400 hp","200 km/h","6.0 sec","$35,000 ","Petrol","7","420 - 500 Nm","SUV","22","18"
"527","Ford","Expedition","3.5L EcoBoost / 5.4L V8","3,500 - 5,400 cc","375 - 400 hp","180 km/h","6.5 sec","$50,000 ","Petrol","8","650 - 800 Nm","SUV","19","28"
"528","Ford","Bronco","2.3L EcoBoost / 2.7L V6","2,300 - 2,700 cc","275 - 310 hp","200 km/h","7.5 sec","$30,000 ","Petrol","4","400 - 600 Nm","SUV","20","16"
"529","Ford","Bronco Sport","1.5L EcoBoost / 2.0L EcoBoost","1,500 - 2,000 cc","181 - 250 hp","185 km/h","7.0 sec","$26,000 ","Petrol","5","250 - 375 Nm","SUV","26","16"
"530","Ford","F-150","3.3L V6 / 5.0L V8 / 3.5L EcoBoost","3,300 - 5,000 cc","290 - 450 hp","200 km/h","5.0 - 6.5 sec","$35,000 ","Petrol","5","400 - 700 Nm","Truck","20","23"
"531","Ford","F-250 Super Duty","6.2L V8 / 7.3L V8 / 6.7L Turbo-Diesel","6,200 - 7,300 cc","385 - 475 hp","180 km/h","6.5 - 7.0 sec","$40,000 ","Petrol","5","700 - 1,050 Nm","Truck","15","34"
"532","Ford","F-350 Super Duty","6.7L Turbo-Diesel / 7.3L V8","6,700 - 7,300 cc","450 - 475 hp","180 km/h","7.0 - 8.0 sec","$45,000 ","Diesel","5","1,050 - 1,200 Nm","Truck","14","34"
"533","Ford","Maverick","2.5L Hybrid / 2.0L EcoBoost","2,500 - 2,000 cc","191 - 250 hp","180 km/h","6.5 - 8.0 sec","$22,000 ","Hybrid","5","250 - 380 Nm","Truck","27","13"
"534","Ford","Ranger","2.3L Turbo Inline-4 / 2.7L V6","2,300 - 2,700 cc","270 - 325 hp","180 km/h","6.0 - 7.0 sec","$25,000 ","Petrol","5","400 - 540 Nm","Truck","23","18"
"535","Ford","Mustang Mach-E","Electric Motor","Battery (68-98 kWh)","290-480 hp","180 km/h","3.5 sec (GT Model)","$43,000 ","Electric","5","430 Nm (GT Model)","SUV","0","0"
"536","Ford","F-150 Lightning","Electric Motor","Battery (98 kWh)","452 hp","180 km/h","4.5 sec","$40,000 ","Electric","5","1051 Nm","Truck","0","0"
"537","Ford","Escape Hybrid","2.5L Inline-4 + Electric","2,500 cc","200 hp","180 km/h","7.7 sec","$28,000 ","Hybrid","5","210 Nm (Electric)","SUV","40","15"
"538","Ford","Explorer Hybrid","3.3L V6 + Electric","3,300 cc","318 hp","180 km/h","7.5 sec","$50,000 ","Hybrid","7","500 Nm","SUV","27","18"
"539","Ford","Mustang","5.0L V8","5,000 cc","450 hp","250 km/h","4.3 sec","$55,000 ","Petrol","4","530 Nm","Coupe","19","16"
"540","Ford","GT","3.5L Twin-Turbo V6","3,500 cc","660 hp","348 km/h","3.0 sec","$500,000 ","Petrol","2","746 Nm","Coupe","14","15"
"541","Ford","Focus ST","2.3L Turbo Inline-4","2,300 cc","280 hp","250 km/h","5.7 sec","$30,000 ","Petrol","5","420 Nm","Hatchback","25","12"
"542","Ford","Fiesta ST","1.5L Turbo Inline-3","1,500 cc","200 hp","230 km/h","6.5 sec","$23,000 ","Petrol","5","290 Nm","Hatchback","30","12"
"543","Ford","Bronco Raptor","3.0L Twin-Turbo V6","3,000 cc","400 hp","220 km/h","5.5 sec","$70,000 ","Petrol","4","583 Nm","SUV","15","20"
"544","Ford","Ranger Raptor","2.7L Twin-Turbo V6","2,700 cc","392 hp","200 km/h","6.0 sec","$45,000 ","Petrol","5","583 Nm","Truck","18","18"
"545","Ford","F-150 Raptor","3.5L Twin-Turbo V6","3,500 cc","450 hp","200 km/h","5.0 sec","$70,000 ","Petrol","5","691 Nm","Truck","15","23"
"546","Ford","Puma","Turbocharged Inline-3","1,000 cc","123 hp","191 km/h","9.6 sec","$28,000 ","Petrol","5","200 Nm","Crossover","32","11"
"547","Ford","Territory","Turbocharged Inline-4","1,500 cc","140 hp","180 km/h","11.0 sec","$32,000 ","Petrol","5","225 Nm","SUV","25","16"
"548","Ford","Everest","Turbocharged Inline-4","2,000 cc","210 hp","190 km/h","10.5 sec","$52,000 ","Diesel","7","500 Nm","SUV","23","21"
"549","Ford","Flex","Naturally Aspirated V6","3,500 cc","287 hp","200 km/h","7.9 sec","$31,000 ","Petrol","7","345 Nm","SUV","19","18"
"550","Ford","Transit","EcoBlue Turbo Diesel","2,000 cc","170 hp","160 km/h","12.0 sec","$43,455 ","Diesel","15","405 Nm","Van","16","25"
"551","Ford","Transit Connect","Inline-4 Gasoline Engine","2,000 cc","162 hp","175 km/h","10.5 sec","$29,365 ","Petrol","7","200 Nm","Van","24","15"
"552","Ford","F-450 Super Duty","Turbocharged V8 Diesel","6,700 cc","475 hp","165 km/h","8.5 sec","$61,625 ","Diesel","6","1,424 Nm","Truck","10","48"
"553","Ford","F-550 Super Duty","Turbocharged V8 Diesel","6,700 cc","475 hp","165 km/h","8.8 sec","$64,540 ","Diesel","6","1,424 Nm","Truck","9","48"
"554","Ford","Mustang Shelby GT500","Supercharged V8","5,200 cc","760 hp","290 km/h","3.5 sec","$79,420 ","Petrol","2","847 Nm","Coupe","14","16"
"555","Ford","Mustang Shelby GT350","Naturally Aspirated V8","5,200 cc","526 hp","280 km/h","4.0 sec","$59,140 ","Petrol","2","582 Nm","Coupe","16","16"
"556","Ford","F-150 Platinum","Turbocharged V6","3,500 cc","400 hp","180 km/h","6.5 sec","$64,695 ","Petrol","5","678 Nm","Truck","20","23"
"557","Ford","F-150 Limited","Turbocharged V6","3,500 cc","450 hp","190 km/h","6.1 sec","$84,910 ","Petrol","5","678 Nm","Truck","20","23"
"558","Ford","Explorer Platinum","Turbocharged V6","3,000 cc","400 hp","230 km/h","6.0 sec","$56,505 ","Petrol","7","563 Nm","SUV","21","18"
"559","Ford","Expedition King Ranch","Turbocharged V6","3,500 cc","440 hp","210 km/h","6.8 sec","$79,560 ","Petrol","7","691 Nm","SUV","18","28"
"560","Ford","Transit Custom","EcoBlue Turbo Diesel","2,000 cc","130 hp","160 km/h","12.5 sec","$35,000 ","Diesel","9","385 Nm","Van","28","21"
"561","Ford","E-Series Cutaway","V8 Gasoline Engine","7,300 cc","350 hp","140 km/h","13.0 sec","$36,000 ","Petrol","2","569 Nm","Van/Chassis","11","40"
"562","Ford","Transit Chassis Cab","EcoBlue Turbo Diesel","2,000 cc","170 hp","160 km/h","11.5 sec","$37,000 ","Diesel","2","405 Nm","Chassis","13","25"
"563","Ford","Transit Electric (E-Transit)","Electric Motor","89 kWh (Electric)","266 hp","140 km/h","9.0 sec","$52,000 ","Electric","12","430 Nm","Van","0","0"
"564","Ford","Explorer Plug-in Hybrid","V6 Hybrid + Electric Motor","3,000 cc (petrol) + Electric Motor","457 hp","225 km/h","6.0 sec","$53,000 ","Hybrid","7","825 Nm","SUV","27","18"
"565","Ford","Maverick Hybrid","I4 Hybrid","2,500 cc (petrol) + Electric Motor","191 hp","180 km/h","7.8 sec","$25,000 ","Hybrid","5","210 Nm","Truck","40","13"
"566","Ford","Mustang (2024)","V8 Gasoline Engine","5,000 cc","450 hp","250 km/h","4.5 sec","$60,000 ","Petrol","4","570 Nm","Coupe","20","16"
"567","Ford","Ranger (2024)","I4 Turbo Diesel","2,000 cc","210 hp","180 km/h","8.0 sec","$40,000 ","Diesel","5","500 Nm","Truck","23","18"
"568","Ford","Escape Plug-in Hybrid (2024)","I4 Hybrid","2,500 cc (petrol) + Electric Motor","221 hp","190 km/h","7.5 sec","$38,000 ","Hybrid","5","210 Nm","SUV","40","11"
"569","Ford","Bronco (2024)","V6 EcoBoost","2,700 cc","310 hp","200 km/h","6.7 sec","$45,000 ","Petrol","5","542 Nm","SUV","20","16"
"570","Ford","Explorer (2024)","V6 Turbocharged","3,000 cc","400 hp","230 km/h","5.9 sec","$55,000 ","Petrol","7","563 Nm","SUV","22","18"
"571","Mitsubishi","Mirage","1.2L MIVEC","1,200 cc","78 hp","170 km/h","12.0 sec","$16,000 ","Petrol","5","100 Nm","Hatchback","36","9"
"572","Mitsubishi","Mirage G4","1.2L MIVEC","1,200 cc","78 hp","170 km/h","12.0 sec","$17,000 ","Petrol","5","100 Nm","Sedan","35","9"
"573","Mitsubishi","Outlander","2.5L 4-Cylinder","2,500 cc","181 hp","190 km/h","9.5 sec","$28,000 ","Petrol","7","245 Nm","SUV","27","14"
"574","Mitsubishi","Outlander PHEV","2.4L Hybrid","2,400 cc / 20 kWh battery","248 hp","170 km/h","10.5 sec","$39,000 ","Hybrid","5","300 Nm","SUV","26","11"
"575","Mitsubishi","Eclipse Cross","1.5L Turbo","1,500 cc","152 hp","180 km/h","9.8 sec","$25,000 ","Petrol","5","250 Nm","SUV","27","15"
"576","Mazda","Mazda3","2.0L SkyActiv-G","2,000 cc","155 hp","200 km/h","8.9 sec","$22,000 ","Petrol","5","213 Nm","Sedan","31","14"
"577","Mazda","Mazda3 Hatchback","2.5L SkyActiv-G","2,500 cc","186 hp","210 km/h","8.3 sec","$24,000 ","Petrol","5","252 Nm","Hatchback","30","14"
"578","Mazda","Mazda6","2.5L Turbocharged","2,500 cc","250 hp","240 km/h","6.4 sec","$27,000 ","Petrol","5","420 Nm","Sedan","26","16"
"579","Mazda","CX-3","2.0L SkyActiv-G","2,000 cc","146 hp","180 km/h","9.5 sec","$21,000 ","Petrol","5","197 Nm","SUV","29","12"
"580","Mazda","CX-30","2.5L SkyActiv-G","2,500 cc","186 hp","204 km/h","8.7 sec","$23,000 ","Petrol","5","252 Nm","SUV","28","13"
"581","Mazda","CX-5","2.5L SkyActiv-G","2,500 cc","187 hp","200 km/h","8.8 sec","$26,000 ","Petrol","5","252 Nm","SUV","26","15"
"582","Mazda","CX-50","2.5L Turbocharged","2,500 cc","256 hp","220 km/h","6.9 sec","$29,000 ","Petrol","5","434 Nm","SUV","25","15"
"583","Mazda","CX-8","2.2L Diesel","2,200 cc","187 hp","200 km/h","9.2 sec","$36,000 ","Diesel","7","450 Nm","SUV","28","16"
"584","Mazda","CX-9","2.5L Turbocharged","2,500 cc","250 hp","210 km/h","7.2 sec","$38,000 ","Petrol","7","420 Nm","SUV","23","19"
"585","Mazda","CX-90","3.3L Inline-6 Turbo","3,300 cc","340 hp","240 km/h","6.2 sec","$50,000 ","Petrol","7","500 Nm","SUV","25","18"
"586","Mazda","MX-5 Miata","2.0L SkyActiv-G","2,000 cc","181 hp","225 km/h","6.5 sec","$27,000 ","Petrol","2","205 Nm","Convertible","30","12"
"587","Mazda","MX-5 Miata RF","2.0L SkyActiv-G","2,000 cc","181 hp","225 km/h","6.5 sec","$33,000 ","Petrol","2","205 Nm","Convertible","30","12"
"588","Mazda","MX-30 Electric","Electric Motor","35.5 kWh battery","143 hp","140 km/h","9.7 sec","$33,000 ","Electric","5","271 Nm","SUV","0","0"
"589","Mazda","CX-4","2.0L SkyActiv-G","2,000 cc","158 hp","190 km/h","9.6 sec","$22,000 ","Petrol","5","202 Nm","SUV","29","14"
"590","Mazda","CX-7","2.3L Turbocharged","2,300 cc","244 hp","210 km/h","7.9 sec","$28,000 ","Petrol","5","350 Nm","SUV","21","18"
"591","Mazda","Tribute","3.0L V6","3,000 cc","200 hp","190 km/h","9.0 sec","$24,000 ","Petrol","5","270 Nm","SUV","19","16"
"592","Mazda","B-Series Pickup","2.5L Diesel","2,500 cc","143 hp","170 km/h","11.5 sec","$20,000 ","Diesel","5","330 Nm","Truck","22","19"
"593","Mazda","BT-50","3.2L Turbo Diesel","3,200 cc","200 hp","180 km/h","10.0 sec","$27,000 ","Diesel","5","470 Nm","Truck","24","21"
"594","Mazda","RX-7","1.3L Rotary Twin-Turbo","1,300 cc","276 hp","250 km/h","5.5 sec","$30,000 ","Petrol","4","314 Nm","Coupe","19","16"
"595","Mazda","RX-3","1.2L Rotary","1,200 cc","110 hp","180 km/h","8.9 sec","$15,000 ","Petrol","4","145 Nm","Coupe","20","12"
"596","Toyota","Crown Signia","2.5L Hybrid I4","2487 cc","240 hp","180 km/h","7.6 sec","$43,000 ","Hybrid","5","239 Nm","SUV","38","14"
"597","Toyota","4Runner (6th Gen)","2.4L Turbo I4 (i-FORCE MAX Hybrid)","2393 cc + Battery","326 hp","180 km/h","6.8 sec","$50,000 ","Hybrid","7","630 Nm","SUV","22","20"
"598","Toyota","Corolla Cross","2.0L Gas / 2.0L Hybrid","1987 cc / Hybrid batt","169  196 hp","190 km/h","8.0  9.2 sec","$25,210 ","Petrol","5","190  210 Nm","SUV","32","12"
"599","Toyota","C-HR+ ","1.8L / 2.0L Hybrid","1798 / 1987 cc + batt","140  198 hp","180 km/h","7.9  10.5 sec"," 33,000","Hybrid","5","190  205 Nm","SUV","40","12"
"600","Toyota","RAV4 (6th Gen)","2.5L Hybrid / Plug-in Hybrid","2487 cc + batt","219  302 hp","200 km/h","6.0  8.1 sec","$29,000 ","Hybrid","5","221  400 Nm","SUV","38","14"
